name,layer,dmpl_category,address,city,state,zip,phone,toolkit_resources,web_link,full_address,"Geocodio Latitude","Geocodio Longitude","Geocodio Accuracy Score","Geocodio Accuracy Type","Geocodio Address Line 1","Geocodio Address Line 2","Geocodio Address Line 3","Geocodio House Number","Geocodio Street","Geocodio Unit Type","Geocodio Unit Number","Geocodio City","Geocodio State","Geocodio County","Geocodio Postal Code","Geocodio Country","Geocodio Source","Geocodio Stable Address Key","Geocodio Match Type"
"Aging Resources of Central Iowa","Physical Location","General Assistance","5835 Grand Avenue, Suite #106","Des Moines",IA,50312.0,515.255.1310,"Provides guidance about and lists of assisted living and memory care facilities, nursing and skilled care facilities, in home providers, and more.",https://www.agingresources.com/resources/,"5835 Grand Avenue, Suite #106, Des Moines, IA 50312",41.58315,-93.69762,1,rooftop,"5835 Grand Ave","Ste 106","Des Moines, IA 50312",5835,"Grand Ave",Ste,106,"Des Moines",IA,"Polk County",50312,US,"Statewide IA",gcod_usnw6jxc8g7erxgh7uadktvgekvx9-8rujvurbblcbe,building_centroid
Al-Anon,"Physical Location","Substance Abuse","939 Office Park Rd. Suite 113","West Des Moines",IA,50265.0,515.277.5059,"The Al-Anon Family Groups are a fellowship of relatives and friends of alcoholics who share their experience, strength, and hope in order to solve their common problems. We believe alcoholism is a family illness, and that changed attitudes can aid recovery.",https://iowa-al-anon.org/,"939 Office Park Rd. Suite 113, West Des Moines, IA 50265",41.591115,-93.715462,0.85,rooftop,"939 Office Park Rd","Ste 113","West Des Moines, IA 50265",939,"Office Park Rd",Ste,113,"West Des Moines",IA,"Polk County",50265,US,"Statewide IA",gcod_usn8h4lakfnbfd5bkgx8r3mc97vlh-d2jqr2azbt3f4,unit
"Alcoholics Anonymous","Physical Location","Substance Abuse","1620 Pleasant Street, Suite 228","Des Moines",IA,50314.0,515.282.8550,"A fellowship of men and women who share their experience, strength and hope with each other that they may solve their common problem and help others to recover from alcoholism. Hours: Monday, Wednesday, Friday: 9 AM-4 PM; Tuesday, Thursday: 12 PM-7 PM. 24/7 Hotline: 1.800.207.2172.",https://aadesmoines.org/,"1620 Pleasant Street, Suite 228, Des Moines, IA 50314",41.589655,-93.639508,1,rooftop,"1620 Pleasant St","Ste 228","Des Moines, IA 50314",1620,"Pleasant St",Ste,228,"Des Moines",IA,"Polk County",50314,US,"Statewide IA",gcod_usn4tcs57kjs4qa4qdysldslnbp6g-26ln3mqlnm2j6,building_centroid
"Amanda the Panda Support Groups","Physical Location",Grief,"1821 Grand Ave.","West Des Moines",IA,50265.0,515.223.4847,"Provides support groups for both adults and children who are grieving the death of a loved one at no charge.",https://everystep.org/grief-loss/amanda-the-panda,"1821 Grand Ave., West Des Moines, IA 50265",41.595207,-93.586067,1,rooftop,"1821 E Grand Ave",,"Des Moines, IA 50316",1821,"E Grand Ave",,,"Des Moines",IA,"Polk County",50316,US,"Statewide IA",gcod_usnl8769zmwt5q34yvsbzbr688ga8,building_centroid
"American Red Cross","Physical Location","General Assistance","2116 Grand Ave.","Des Moines",IA,50312.0,"1.515.243.7681, 1.800.733.2767","Provides disaster relief and recovery, post-emergency recovery, financial assistance, deployment support, veteran services, and community resource referrals. 24/7 Hotline: 1 (800) 733-2767.",https://www.redcross.org/,"2116 Grand Ave., Des Moines, IA 50312",41.584255,-93.645394,1,rooftop,"2116 Grand Ave",,"Des Moines, IA 50312",2116,"Grand Ave",,,"Des Moines",IA,"Polk County",50312,US,"Statewide IA",gcod_usnw6jxc8g7erxghjkuda62w3r9a4,building_centroid
"Anawim Housing","Physical Location",Shelters,"2024 Forest Ave Suite 101","Des Moines",IA,50311.0,515.244.8308,"Provides subsidized rentals for eligible low- and moderate-income families and individuals as well as seniors in need of assisted living.",https://www.anawimhousing.org,"2024 Forest Ave Suite 101, Des Moines, IA 50311",41.603918,-93.644924,1,rooftop,"2024 Forest Ave","Ste 101","Des Moines, IA 50311",2024,"Forest Ave",Ste,101,"Des Moines",IA,"Polk County",50311,US,"Statewide IA",gcod_usn8hyfw3ng39xkgf92lvtpyb87j6-f584rrqw7rsze,unit
"ASK Family Resource Center","Physical Location",Disabilities,"6165 NW 86th St. Ste. 234",Johnston,IA,50131.0,"515.243.1713, 1.800.450.8667","ASK (Access for Special Kids) Resource Center is a parent training, information, and advocacy center for families of children with special needs across the state of Iowa.",https://www.askresource.org/,"6165 NW 86th St. Ste. 234, Johnston, IA 50131",41.671678,-93.734763,1,rooftop,"6165 NW 86th St","Ste 234","Johnston, IA 50131",6165,"NW 86th St",Ste,234,Johnston,IA,"Polk County",50131,US,"Statewide IA",gcod_usn3lugb8bkkf6w3uj2nyhbuhsttg-d48b5ntx6sws9,unit
"Bethel Mission","Physical Location",Shelters,"1310 6th Avenue","Des Moines",IA,50314.0,515.244.5445,"Meals and Men's Shelter: Shelter for men; also serves three meals a day to all community members. Meal Hours: Mon-Sat Breakfast 7AM, Lunch 12PM, Dinner 5PM; Sun Breakfast 8AM, Lunch 1:30PM, Dinner 5PM. Part of Hope Ministries.",https://www.hopeiowa.org/,"1310 6th Avenue, Des Moines, IA 50314",41.602707,-93.626034,1,rooftop,"1310 6th Ave",,"Des Moines, IA 50314",1310,"6th Ave",,,"Des Moines",IA,"Polk County",50314,US,"Statewide IA",gcod_usnqpwl38sh6vkd534r6qkwlbm5uc,building_centroid
"Bidwell Pantry","Physical Location","Food Pantries","1203 Hartford Avenue","Des Moines",IA,50315.0,515.989.8413,"Food and clothing items available for free (ID preferred, but not required). Limited amount of food available without ID. Hours: Monday-Friday 10 AM-5 PM. Part of Families Forward.",https://www.familiesforward.org/bidwell-pantry.,"1203 Hartford Avenue, Des Moines, IA 50315",41.569546,-93.598075,1,rooftop,"1203 Hartford Ave",,"Des Moines, IA 50315",1203,"Hartford Ave",,,"Des Moines",IA,"Polk County",50315,US,"Statewide IA",gcod_usnh9balagur6z4h3cy4uzdld7x9c,building_centroid
"Big Brothers Big Sisters of Central Iowa","Physical Location",Education,"2130 Grand Ave","Des Moines",IA,50312.0,515.288.9025,"Creates and supports mentoring relationships that ignite the power and promise of youth at no cost. Intentional matching process evaluates personality and interests.",,"2130 Grand Ave, Des Moines, IA 50312",41.584217,-93.646227,1,rooftop,"2130 Grand Ave",,"Des Moines, IA 50312",2130,"Grand Ave",,,"Des Moines",IA,"Polk County",50312,US,"Statewide IA",gcod_usnw6jxc8g7erxghjrzdzmd26457e,building_centroid
"Boys & Girls Clubs of Central Iowa","Physical Location","Community Centers","1421 Walker St.","Des Moines",IA,50316.0,515.242.7925,"Eight local sites where K-12 students find a safe, supportive place after school and during the summer with structured programming and professional role models.",,"1421 Walker St., Des Moines, IA 50316",41.59759,-93.598036,1,rooftop,"1421 Walker St",,"Des Moines, IA 50316",1421,"Walker St",,,"Des Moines",IA,"Polk County",50316,US,"Statewide IA",gcod_usn9kakfq5j7szfartx5slk2car58,building_centroid
"Bridges of Iowa","Physical Location","Substance Abuse","Polk County Jail System / Admissions","Des Moines",IA,,515.494.8515,"Full range of substance abuse treatment services targeted toward those with limited access to options. Program lasts up to a year and includes treatment, transitional living, and outpatient care. Admissions: dcoughlin@bridgesofia.org.",,"Polk County Jail System / Admissions, Des Moines, IA",41.597236,-93.681734,1,street_center,"Polk Blvd",,"Des Moines, IA 50311",,"Polk Blvd",,,"Des Moines",IA,"Polk County",50311,US,"TIGER/Line® dataset from the US Census Bureau",gcod_ussc6rcdla9td5ja,
"Broadlawns Medical Center & Crisis Services","Physical Location","Medical Assistance","1801 Hickman Road","Des Moines",IA,50314.0,"515.282.2200, 515.283.4811","Offers a complete safety-net medical center (medical, dental, eye, emergency, pharmacy, mental health). Includes Mental Health Emergency Crisis Team (515.283.4811), Crisis Observation Center (515.282.5742), and New Connections Addiction Treatment (515.282.6610).",https://www.broadlawns.org,"1801 Hickman Road, Des Moines, IA 50314",41.616508,-93.641564,1,rooftop,"1801 Hickman Rd",,"Des Moines, IA 50314",1801,"Hickman Rd",,,"Des Moines",IA,"Polk County",50314,US,"Statewide IA",gcod_usnjgsxdbs37bamau4458gxqs2h6e,building_centroid
"Capitol Hill Lutheran Church Clothes Closet","Physical Location",Clothing,"511 Des Moines Street","Des Moines",IA,50309.0,515.513.4222,"Clothes Closet distributes a variety of daily clothing items and essential household goods completely free of charge. Hours: Tuesday 1:30 PM-3:30 PM, Saturday 9:30 AM-11:30 AM.",,"511 Des Moines Street, Des Moines, IA 50309",41.591587,-93.611538,1,rooftop,"511 Des Moines St",,"Des Moines, IA 50309",511,"Des Moines St",,,"Des Moines",IA,"Polk County",50309,US,"Statewide IA",gcod_usnrbg3awle4y685deasdaxfvbzd3,building_centroid
"Caring Hands Altoona Food Pantry","Physical Location","Food Pantries","602 3rd St SW",Altoona,IA,50009.0,515.967.4533,"Serves Southeast Polk, Colfax-Mingo, and Bondurant School Districts, plus all of Pleasant Hill. Provides low-income families with food, clothing, and financial assistance. Hours: M/W/Th/F 11AM-3:30PM; Tue 11AM-4:30PM (appointments only).",,"602 3rd St SW, Altoona, IA 50009",41.649045,-93.471227,1,rooftop,"602 3rd St SW",,"Altoona, IA 50009",602,"3rd St SW",,,Altoona,IA,"Polk County",50009,US,"Statewide IA",gcod_usngxtsxctfzktj8ntb9ceqxfgwde,building_centroid
"Catholic Charities Counseling Program","Physical Location","Mental Health","601 Grand Avenue, 2nd Floor","Des Moines",IA,50309.0,"515.244.3761, 515.237.5053","Licensed clinical therapists address depression, anxiety, stress, relationship issues, child behavioral concerns, trauma, abuse, grief, and loss. Specializes in couples and family clinical systems.",https://www.catholiccharitiesdm.org/our-services/counseling/,"601 Grand Avenue, 2nd Floor, Des Moines, IA 50309",41.587939,-93.625758,1,rooftop,"601 Grand Ave","Fl 2","Des Moines, IA 50309",601,"Grand Ave",Fl,2,"Des Moines",IA,"Polk County",50309,US,"Statewide IA",gcod_usnlre8muxksrlxh7lfngkb37qgeg-jyx5xvqty24bg,building_centroid
"Catholic Charities Food Pantry (DMARC)","Physical Location","Food Pantries","1815 Hubbell Avenue","Des Moines",IA,50316.0,515.262.7290,"Provides individuals and families up to three days worth of food for free. Also provides personal hygiene items, diapers, wipes, formula, and pet food. Hours: Mon-Thu 10 AM-3:30 PM, Fri 9:30 AM-12:30 PM.",http://dmarcunited.org,"1815 Hubbell Avenue, Des Moines, IA 50316",41.595973,-93.585689,1,rooftop,"1815 Hubbell Ave",,"Des Moines, IA 50316",1815,"Hubbell Ave",,,"Des Moines",IA,"Polk County",50316,US,"Statewide IA",gcod_usndhejrs6twxy7b9ulcrxs7cnyq9,building_centroid
"Center for Behavioral Health","Physical Location","Substance Abuse","95 University Ave. Suite 8","Des Moines",IA,50314.0,844.535.7291,"Substance abuse services, specifically offering methadone treatment options.",https://www.bhgrecovery.com/locations/des-moines,"95 University Ave. Suite 8, Des Moines, IA 50314",41.601299,-93.618066,1,rooftop,"95 University Ave","Ste 8","Des Moines, IA 50314",95,"University Ave",Ste,8,"Des Moines",IA,"Polk County",50314,US,"Statewide IA",gcod_usnd88rxnpmsw8xdr9xyhz34kksk2-uc9hnpfjup532,building_centroid
"Central Community Center","Physical Location","Community Centers","2008 Forest Avenue","Des Moines",IA,50314.0,515.286.3677,"Crafts, games, exercise, health clinics, and other activities for seniors and other adults. Meals served on selected days (Serving Time: 11 AM-12:30 PM). Hours: Mon-Fri 8 AM-4:30 PM.",https://www.polkcountyiowa.gov/community-family-youth-services/senior-services/,"2008 Forest Avenue, Des Moines, IA 50314",41.603876,-93.644289,1,rooftop,"2008 Forest Ave",,"Des Moines, IA 50311",2008,"Forest Ave",,,"Des Moines",IA,"Polk County",50311,US,"Statewide IA",gcod_usn8hyfw3ng39xkgfyyum8qg3mxp2,building_centroid
"Central Iowa Shelter & Services","Physical Location",Shelters,"1420 Mulberry Street","Des Moines",IA,50309.0,515.284.5719,"Provides low-barrier shelter, meals, and support services at no cost to adults experiencing homelessness. Call to confirm hours for food pantry, meals, clothing closet, health care, and showers.",https://centraliowashelter.org/,"1420 Mulberry Street, Des Moines, IA 50309",41.582541,-93.634452,1,rooftop,"1420 Mulberry St",,"Des Moines, IA 50309",1420,"Mulberry St",,,"Des Moines",IA,"Polk County",50309,US,"Statewide IA",gcod_usnzqgggudn6zfv7ctznd2t2heare,building_centroid
"Central Iowa Works","Physical Location","Job Assistance","200 Army Post Road","Des Moines",IA,50315.0,515.281.9619,"Helps with job placement, transportation logistics, health care access, and legal support system navigation.",https://workforce.iowa.gov/,"200 Army Post Road, Des Moines, IA 50315",41.525806,-93.618258,1,rooftop,"200 Army Post Rd",,"Des Moines, IA 50315",200,"Army Post Rd",,,"Des Moines",IA,"Polk County",50315,US,"Statewide IA",gcod_usnxdrye4kekur8d26mmjcnmxqzy5,building_centroid
"Central Library","Physical Location","Branch Locations","1000 Grand Avenue","Des Moines",IA,50309.0,"(515) 283-4152","In-Person Services: Mon-Thu 9 AM-8 PM, Fri 9 AM-6 PM, Sat 10 AM-5 PM, Sun 12 PM-4 PM. Pickup Window: Mon-Fri 12 PM-6 PM.",https://www.dmpl.org/locations-hours/central,"1000 Grand Avenue, Des Moines, IA 50309",41.586436,-93.630563,1,rooftop,"1000 Grand Ave",,"Des Moines, IA 50309",1000,"Grand Ave",,,"Des Moines",IA,"Polk County",50309,US,"Statewide IA",gcod_usnlre8muxksrlxhnugqu73kh95xb,building_centroid
"Child Care Resource & Referral","Physical Location","Child Care","808 5th Avenue","Des Moines",IA,50309.0,515.246.3590,"Provides personalized services and regional consultation to help parents make informed choices about the care of their children.",https://iowaccrr.org/,"808 5th Avenue, Des Moines, IA 50309",41.591868,-93.62483,1,rooftop,"808 5th Ave",,"Des Moines, IA 50309",808,"5th Ave",,,"Des Moines",IA,"Polk County",50309,US,"Statewide IA",gcod_usnzzzgtawlk9l96rtbr4w6e2bhve,building_centroid
"Children & Families of Iowa","Physical Location","General Assistance","1111 University Avenue","Des Moines",IA,50314.0,"515.288.1981, 515.243.6147","Affordable quality child care for low-income families (including before/after school and summer care with transport). Offers Domestic Violence Services Shelter (515.243.6147) and sliding-scale licensed counseling for grief/loss and life events.",https://cfiowa.org/,"1111 University Avenue, Des Moines, IA 50314",41.600639,-93.632411,1,rooftop,"1111 University Ave",,"Des Moines, IA 50314",1111,"University Ave",,,"Des Moines",IA,"Polk County",50314,US,"Statewide IA",gcod_usnd88rxnpmsw8xdf7xn42yg2ka45,building_centroid
"Children & Family Urban Movement (CFUM)","Physical Location",Education,"1548 8th Street","Des Moines",IA,50314.0,515.282.3242,"Supports educational success for children and families near the north side of Des Moines via before-school, after-school, and summer programs. Hours: Mon-Fri 9 AM-5 PM. Meal Times: Mon-Fri 6:30 AM-7:40 AM and 4 PM-5 PM.",https://cfum.org,"1548 8th Street, Des Moines, IA 50314",41.607558,-93.628391,1,rooftop,"1548 8th St",,"Des Moines, IA 50314",1548,"8th St",,,"Des Moines",IA,"Polk County",50314,US,"Statewide IA",gcod_usnakkqtwntzz9a4nmuuj9b3antga,building_centroid
"Children and Families of Iowa Northside Service Center","Physical Location","Substance Abuse","2331 East 8th St.","Des Moines",IA,50316.0,515.266.6338,"Offers substance abuse evaluation and treatment services for children, adolescents, and adults. Hours: Mon/Wed 9 AM-5 PM, Tue/Thu 9 AM-6 PM, Fri 9 AM-2 PM.",https://cfiowa.org/locations/northside/,"2331 East 8th St., Des Moines, IA 50316",41.616046,-93.607585,1,rooftop,"2331 E 8th St",,"Des Moines, IA 50316",2331,"E 8th St",,,"Des Moines",IA,"Polk County",50316,US,"Statewide IA",gcod_usnksybw5guksqqchxums6jkud87b,building_centroid
Childserve,"Physical Location",Disabilities,"644 24th Street","Des Moines",IA,50312.0,515.727.8750,"Partners with families to help children with special healthcare needs live a great life through specialized clinical, home, and community-based programs and services.",https://www.childserve.org/,"644 24th Street, Des Moines, IA 50312",41.588306,-93.650049,1,rooftop,"644 24th St",,"Des Moines, IA 50312",644,"24th St",,,"Des Moines",IA,"Polk County",50312,US,"Statewide IA",gcod_usnkf23wvalpkt247ml8bq3rbl8v2,building_centroid
"Choices Therapy Services","Physical Location","Substance Abuse","5609 Douglas Ave.","Des Moines",IA,50310.0,515.279.0111,"Offers substance abuse evaluations and outpatient treatment programs, as well as DOT reporting.",https://www.choicestherapyservices.org/,"5609 Douglas Ave., Des Moines, IA 50310",41.629611,-93.695599,1,rooftop,"5609 Douglas Ave",,"Des Moines, IA 50310",5609,"Douglas Ave",,,"Des Moines",IA,"Polk County",50310,US,"Statewide IA",gcod_usnn8grtw5atzz87djpaqhrf9j8b8,building_centroid
"Christ the King Free Clinic","Physical Location","Medical Assistance","5711 SW 9th Street","Des Moines",IA,50315.0,515.285.2888,"Services provided include chronic care management, well baby checks, school/athletic physicals, and available lab work. Hours: Monday 7 PM-9 PM (Registration starts at 6:30 PM).",,"5711 SW 9th Street, Des Moines, IA 50315",41.532345,-93.624918,1,rooftop,"5711 SW 9th St",,"Des Moines, IA 50315",5711,"SW 9th St",,,"Des Moines",IA,"Polk County",50315,US,"Statewide IA",gcod_usn4df4jqfh88n2ad82exapsb22pd,building_centroid
"Clearview Recovery","Physical Location","Substance Abuse","501 N. Sherman St.","Prairie City",IA,50228.0,515.994.3562,"Inpatient and residential addiction recovery services specialized for women, pregnant individuals, and women with children.",https://www.clearviewrecoveryinc.org/,"501 N. Sherman St., Prairie City, IA 50228",41.602355,-93.231945,1,rooftop,"501 N Sherman St",,"Prairie City, IA 50228",501,"N Sherman St",,,"Prairie City",IA,"Jasper County",50228,US,"Jasper County",gcod_usnct25mbzh3lmdb8x6tgtpgbcjef,building_centroid
"Client Assistance Program (CAP)","Physical Location",Disabilities,"321 E 12th Street","Des Moines",IA,50319.0,1.800.652.4298,"Advocates for people with disabilities to receive quality services. Helps individuals identify resources, understand formal procedures, resolve problems, and protect rights in the rehabilitation process, employment, and independent living services.",https://hhs.iowa.gov/programs/programs-and-services/client-assistance-program,"321 E 12th Street, Des Moines, IA 50319",41.591132,-93.601136,1,rooftop,"321 E 12th St",,"Des Moines, IA 50319",321,"E 12th St",,,"Des Moines",IA,"Polk County",50319,US,"Statewide IA",gcod_usnmdummzql6qr2eqn7rz97n6anr8,building_centroid
"Clive Community Services","Physical Location","General Assistance","2190 NW 82nd Street, Suite A",Clive,IA,50325.0,515.257.8550,"Free Clinic: Basic healthcare via volunteer professionals Mon 5:30 PM-7:30 PM (Registration 5 PM-6:30 PM). Food Pantry & Clothing Closet: Mon 4 PM-7 PM, Fri 9 AM-12 PM. Adult English Classes: Mon & Wed 1 PM-2:30 PM at Harbach Center (8505 Harbach Blvd).",,"2190 NW 82nd Street, Suite A, Clive, IA 50325",41.613792,-93.732267,1,rooftop,"2190 NW 82nd St","Ste A","Clive, IA 50325",2190,"NW 82nd St",Ste,A,Clive,IA,"Polk County",50325,US,"Statewide IA",gcod_usnbq275zcjs5x4bue88lfr89ndvf-x7945ylyeh738,building_centroid
"Commerce Community Church Food Bank","Physical Location","Food Pantries","4007 High Road","West Des Moines",IA,50265.0,515.225.6651,"Food Bank distribution services. Operational Hours: Thursdays 10 AM-2 PM.",http://smbcs.org/,"4007 High Road, West Des Moines, IA 50265",41.538371,-93.758471,0.72,rooftop,"4007 High St",,"West Des Moines, IA 50265",4007,"High St",,,"West Des Moines",IA,"Polk County",50265,US,"Statewide IA",gcod_usnt4wukba3g3vhhjkrsafmvqcghc,building_centroid
"Commodity Supplemental Foods Program","Physical Location","Food Pantries","2309 Euclid Ave.","Des Moines",IA,50310.0,515.286.3655,"Provides supplemental food commodities and intentional nutrition education tailored for the elderly ages 60 and older.",https://www.polkcountyiowa.gov/community-family-youth-services/senior-services/,"2309 Euclid Ave., Des Moines, IA 50310",41.629163,-93.647795,1,rooftop,"2309 Euclid Ave",,"Des Moines, IA 50310",2309,"Euclid Ave",,,"Des Moines",IA,"Polk County",50310,US,"Statewide IA",gcod_usnydvaumqv9ln7csfj2j88v3tsz7,building_centroid
"Community and Family Resources","Physical Location","Substance Abuse","3806 Easton Boulevard","Des Moines",IA,50317.0,"515.262.0349, 800.801.0085","Provides structural residential substance use treatment programs.",https://www.cfrhelps.org/,"3806 Easton Boulevard, Des Moines, IA 50317",41.615332,-93.541435,1,rooftop,"3806 Easton Blvd",,"Des Moines, IA 50317",3806,"Easton Blvd",,,"Des Moines",IA,"Polk County",50317,US,"Statewide IA",gcod_usn64r5zh8z3lf688f6w7l5fgd5fb,building_centroid
"Community Support Advocates","Physical Location","Mental Health","1516 Valley West Drive","West Des Moines",IA,50266.0,515.883.1776,"Connects individuals with broader mental health and disability service systems, and hosts a dedicated regional behavioral health clinic.",,"1516 Valley West Drive, West Des Moines, IA 50266",41.575304,-93.696759,0.92,range_interpolation,"1516 N Valley Dr",,"Des Moines, IA 50312",1516,"N Valley Dr",,,"Des Moines",IA,"Polk County",50312,US,"TIGER/Line® from the US Census Bureau",gcod_usnemeam67vdtwva35gc6rq7nkspa,
"Community Youth Concepts","Physical Location",Education,"1446 Martin Luther King Jr Pkwy","Des Moines",IA,50314.0,515.243.4292,"Provides youth programming focused on empowering students with essential life skills, leadership, teamwork, and confidence. Features an on-site community fridge located in the white shed.",https://www.cyconcepts.org/,"1446 Martin Luther King Jr Pkwy, Des Moines, IA 50314",41.605741,-93.644072,1,rooftop,"1446 Martin Luther King Jr Pkwy",,"Des Moines, IA 50314",1446,"Martin Luther King Jr Pkwy",,,"Des Moines",IA,"Polk County",50314,US,"Statewide IA",gcod_usnqmw9atx7lldzduhkncsylt2ype,building_centroid
"Compassionate Friends","Physical Location",Grief,"Hamilton's Children's Butterfly Garden Reception Room, 3601 Westown Parkway","West Des Moines",IA,50266.0,515.635.1678,"Self-help organization for bereaved families after the death of a child. Meets the first Tuesday of each month at 7:00 PM. Offers a lending library, newsletter, and sibling/grandparent support.",https://www.compassionatefriends.org/chapter/central-iowa-chapter/,"Hamilton's Children's Butterfly Garden Reception Room, 3601 Westown Parkway, West Des Moines, IA 50266",41.595252,-93.754917,0.83,rooftop,"3601 Westown Pkwy",,"West Des Moines, IA 50266",3601,"Westown Pkwy",,,"West Des Moines",IA,"Polk County",50266,US,"Statewide IA",gcod_usn3knhlbeepvxb459qltgyj8wj9e,building_centroid
"Conner Corinthian Family Health Free Clinic","Physical Location","Medical Assistance","814 School St.","Des Moines",IA,50309.0,515.630.0238,"Free health clinic operating every Saturday from 9 AM–11:30 AM. Patients are seen on a first-come, first-served basis.",https://www.facebook.com/CorinthianBCdsm/posts/the-conner-corinthian-family-hea...,"814 School St., Des Moines, IA 50309",41.594773,-93.628807,1,rooftop,"814 School St",,"Des Moines, IA 50309",814,"School St",,,"Des Moines",IA,"Polk County",50309,US,"Statewide IA",gcod_usn39svt8sn7u876jw64yjphplq24,building_centroid
"Coping After a Suicide Support Group","Physical Location",Grief,"2309 Euclid Avenue","Des Moines",IA,50310.0,515.286.3434,"Offers a safe, confidential support group open to anyone (older teens and adults) surviving the loss of a loved one through suicide. Hosted by Polk County Crisis and Advocacy Services.",https://www.polkcountyiowa.gov/community-family-youth-services/community-and-fa...,"2309 Euclid Avenue, Des Moines, IA 50310",41.629163,-93.647795,1,rooftop,"2309 Euclid Ave",,"Des Moines, IA 50310",2309,"Euclid Ave",,,"Des Moines",IA,"Polk County",50310,US,"Statewide IA",gcod_usnydvaumqv9ln7csfj2j88v3tsz7,building_centroid
"Covert Action Treatment Facility","Physical Location","Substance Abuse","1223 Center St, Suite 22","Des Moines",IA,50309.0,515.218.6125,"Provides methadone and suboxone substance use treatment services.",https://mycovertaction.com/,"1223 Center St, Suite 22, Des Moines, IA 50309",41.591707,-93.633293,1,rooftop,"1223 Center St","Ste 22","Des Moines, IA 50309",1223,"Center St",Ste,22,"Des Moines",IA,"Polk County",50309,US,Polk,gcod_usn77284rx8s8gx57gx7z8y6h8fz2-fu5lebpma3wd8,
"Creative Visions","Physical Location","General Assistance","1343 13th Street","Des Moines",IA,50314.0,515.244.4003,"Umbrella programs include job readiness, GED tutorials, computer classes, financial assistance, crime victims assistance, a food pantry, and meal programs. Food Pantry: Tue/Thu. Meal Times: Mon–Thu 1:30 PM–7:30 PM.",http://cvonline.us/,"1343 13th Street, Des Moines, IA 50314",41.603712,-93.634013,1,rooftop,"1343 13th St",,"Des Moines, IA 50314",1343,"13th St",,,"Des Moines",IA,"Polk County",50314,US,"Statewide IA",gcod_usn7nf9fzabh6vycpdka7g54jblc8,building_centroid
"Crime Victim Assistance","Physical Location","General Assistance","1305 E. Walnut St.","Des Moines",IA,50319.0,"1.800.373.5044, 515.281.5044","Helps victims with certain out-of-pocket expenses related to injuries from violent crime. Funded entirely by offender fines and penalties, not by taxpayers.",https://www.iowaattorney.general.gov/for-crime-victims,"1305 E. Walnut St., Des Moines, IA 50319",41.590239,-93.599251,1,rooftop,"1305 E Walnut St",,"Des Moines, IA 50319",1305,"E Walnut St",,,"Des Moines",IA,"Polk County",50319,US,"Statewide IA",gcod_usn8wrq622jgabybddtecv6abatba,building_centroid
"Dads With a Purpose","Physical Location","Temporary Housing","2913 SW Ridgeview Lane",Ankeny,IA,50023.0,515.672.0973,"Faith-based sober living residential houses focused on transitional stability and being good fathers. Structured parenting classes are offered on-site.",https://www.dadswithapurposeia.com/home,"2913 SW Ridgeview Lane, Ankeny, IA 50023",41.699563,-93.646913,1,rooftop,"2913 SW Ridgeview Ln",,"Ankeny, IA 50023",2913,"SW Ridgeview Ln",,,Ankeny,IA,"Polk County",50023,US,"Statewide IA",gcod_usne77xyxkabprg88gecpu9alkqcc,building_centroid
"DART Mobile Food Pantry","Physical Location","Food Pantries","620 Cherry St","Des Moines",IA,50309.0,515.283.8100,"Mobile distribution sponsored by DMARC providing individuals and families up to three days' worth of food for free. Hours: Thursdays 4 PM–6 PM.",,"620 Cherry St, Des Moines, IA 50309",41.583703,-93.624554,1,rooftop,"620 Cherry St",,"Des Moines, IA 50309",620,"Cherry St",,,"Des Moines",IA,"Polk County",50309,US,"Statewide IA",gcod_usndp9ra89ghn4pf9x2zh4lxarnm9,building_centroid
"DART Paratransit and Reduced Fare Programs","Physical Location",Disabilities,"620 Cherry Street","Des Moines",IA,50309.0,515.283.8100,"Paratransit provides specialized county service for seniors and individuals functionally unable to use standard bus routes. Reduced fare rates apply to elderly (65+), disabled individuals, Medicare card holders, veterans, students, and refugees. Hours: Mon–Sat 7 AM–5 PM.",https://www.ridedart.com/,"620 Cherry Street, Des Moines, IA 50309",41.583703,-93.624554,1,rooftop,"620 Cherry St",,"Des Moines, IA 50309",620,"Cherry St",,,"Des Moines",IA,"Polk County",50309,US,"Statewide IA",gcod_usndp9ra89ghn4pf9x2zh4lxarnm9,building_centroid
"Des Moines Area Religious Council (DMARC) General","Physical Location","Food Pantries","100 Army Post Road","Des Moines",IA,50315.0,515-277-6969,"Provides individuals and families up to three days' worth of food for free. Food Pantry Hours: Monday-Friday 9 AM-5 PM, 1st Saturday of the month 9 AM-1 PM.",http://dmarcunited.org/food,"100 Army Post Road, Des Moines, IA 50315",41.526584,-93.617047,1,range_interpolation,"100 Army Post Rd",,"Des Moines, IA 50315",100,"Army Post Rd",,,"Des Moines",IA,"Polk County",50315,US,"TIGER/Line® from the US Census Bureau",gcod_usnxdrye4kekur8d7eg2yrksqzwnf,
"Des Moines Catholic Worker","Physical Location","General Assistance","1310 7th Street","Des Moines",IA,50314.0,515.214.1030,"Provides free day-time shelter, meals, groceries, showers, toiletries, clothing, and phone use. Free groceries: Tuesday and Fridays at 3 PM. Canned goods and hygiene products available upon request. Hours: Tue/Thu/Fri 3 PM-6:30 PM; Sat 12 PM-2 PM; Sun 4:30 PM-7 PM.",https://www.facebook.com/people/The-Des-Moines-Catholic-Worker/100092212847355/#,"1310 7th Street, Des Moines, IA 50314",41.602296,-93.627246,1,rooftop,"1310 7th St",,"Des Moines, IA 50314",1310,"7th St",,,"Des Moines",IA,"Polk County",50314,US,"Statewide IA",gcod_usn2fezt7lyrdmfavnedyl44244e7,building_centroid
"Des Moines Pastoral Counseling Center","Physical Location","Mental Health","8553 Urbandale Ave",Urbandale,IA,50322.0,515.274.4006,"Counseling providing understanding, hope, and healing for grief, anxiety, depression, stress, relationship, and parent-child issues. Take a mind, body, and spirit approach. Provides services through insurance or on a sliding-scale/ability-to-pay basis. Hours: Mon-Fri 8 AM-5 PM (evening hours available).",https://mindspiritcenter.org/,"8553 Urbandale Ave, Urbandale, IA 50322",41.621912,-93.734609,1,rooftop,"8553 Urbandale Ave",,"Urbandale, IA 50322",8553,"Urbandale Ave",,,Urbandale,IA,"Polk County",50322,US,"Statewide IA",gcod_usn486f667b8hysh645jvykewzfhg,building_centroid
"Des Moines Public Housing","Physical Location","Temporary Housing","2309 Euclid Avenue","Des Moines",IA,50310.0,515.323.8950,"Provides subsidized rentals for eligible low- and moderate-income families and individuals. Part of the Municipal Housing Agency. Hours: Monday-Friday 8 AM-5 PM.",https://www.dsm.city/departments/housing/index.php,"2309 Euclid Avenue, Des Moines, IA 50310",41.629163,-93.647795,1,rooftop,"2309 Euclid Ave",,"Des Moines, IA 50310",2309,"Euclid Ave",,,"Des Moines",IA,"Polk County",50310,US,"Statewide IA",gcod_usnydvaumqv9ln7csfj2j88v3tsz7,building_centroid
"Des Moines Public Schools Bilingual Family Liaisons","Physical Location","Immigrants & Refugees","1000 Porter Avenue","Des Moines",IA,50315.0,515.242.7911,"Provides a wide range of services to refugee and immigrant families. Connects families with community resources such as housing, healthcare, and essential needs and equips families with tools to advocate for their children.",https://www.dmschools.org/community-schools/bilingual-family-liaisons/,"1000 Porter Avenue, Des Moines, IA 50315",41.533409,-93.628128,1,rooftop,"1000 Porter Ave",,"Des Moines, IA 50315",1000,"Porter Ave",,,"Des Moines",IA,"Polk County",50315,US,"Statewide IA",gcod_usndabf5ynk6p3b8ejzge9ep9xmz2,building_centroid
"Des Moines Vet Center","Physical Location","Veteran Resources","1821 22nd Street Suite 115","West Des Moines",IA,50266.0,515.284.4929,"Provides a broad range of counseling, outreach, and referral services to combat Veterans and their families. All services are completely free of cost and strictly confidential. Hours: Mon 8 AM-7:30 PM; Tue/Thu 7:30 AM-7:30 PM; Wed/Fri 8 AM-4:30 PM.",https://www.va.gov/des-moines-vet-center/,"1821 22nd Street Suite 115, West Des Moines, IA 50266",41.611348,-93.64663,1,rooftop,"1821 22nd St","Ste 115","Des Moines, IA 50310",1821,"22nd St",Ste,115,"Des Moines",IA,"Polk County",50310,US,"Statewide IA",gcod_usnvuzaqacsezk79eqd5d6njrhp6b-ct378lcgm4kx7,building_centroid
"DHS Child Care Assistance","Physical Location","Child Care","2309 Euclid Avenue","Des Moines",IA,50310.0,1.866.448.4605,"Child Care Assistance (CCA) helps pay for the care of your child while a parent or caretaker works, attends school, looks for work, or is unable to care for children due to medical reasons. Hours: Monday-Friday 8 AM-4:30 PM.",https://hhs.iowa.gov/assistance-programs/child-care-assistance,"2309 Euclid Avenue, Des Moines, IA 50310",41.629163,-93.647795,1,rooftop,"2309 Euclid Ave",,"Des Moines, IA 50310",2309,"Euclid Ave",,,"Des Moines",IA,"Polk County",50310,US,"Statewide IA",gcod_usnydvaumqv9ln7csfj2j88v3tsz7,building_centroid
"Disability Rights Iowa","Physical Location","Legal Assistance","666 Walnut St.","Des Moines",IA,50309.0,515.278.2502,"Defends and promotes the human and legal rights of Iowans who have disabilities and mental illness. Focuses on self-advocacy education, non-legal advocacy, and legal/systems advocacy. Intake Hours: Monday-Friday 8 AM-5 PM.",https://disabilityrightsiowa.org/,"666 Walnut St., Des Moines, IA 50309",41.585533,-93.6255,1,rooftop,"666 Walnut St",,"Des Moines, IA 50309",666,"Walnut St",,,"Des Moines",IA,"Polk County",50309,US,"Statewide IA",gcod_usnnanuftdmw5kdh8wx9kra8ws96d,building_centroid
"DMACC Adult Literacy Center","Physical Location",Education,"1100 7th St. Building 1, Room 110","Des Moines",IA,50314.0,515.248.7517,"Free service for any adult in the community who needs to improve reading, writing, and/or speaking skills. Adults meet one-to-one with a volunteer tutor and/or learn with an online learning program. Located at DMACC Urban Campus.",https://dmacc.edu/desmoines/adult-literacy-center.html,"1100 7th St. Building 1, Room 110, Des Moines, IA 50314",41.599946,-93.627562,1,rooftop,"1100 7th St","Bldg 1","Des Moines, IA 50314",1100,"7th St",Bldg,1,"Des Moines",IA,"Polk County",50314,US,"Statewide IA",gcod_usn2fezt7lyrdmfakknxcjw3k2nja-cpeylk235qlee,building_centroid
"Door of Faith","Physical Location","Substance Abuse","6701 SW 9th Street","Des Moines",IA,50315.0,515.287.7414,"A structured recovery program for men. Operated as a part of Hope Ministries services.",https://www.hopeiowa.org,"6701 SW 9th Street, Des Moines, IA 50315",41.523093,-93.625147,1,rooftop,"6701 SW 9th St",,"Des Moines, IA 50315",6701,"SW 9th St",,,"Des Moines",IA,"Polk County",50315,US,"Statewide IA",gcod_usn4df4jqfh88n2a4jzf2rulx26k7,building_centroid
"Drake Law School Legal Clinic","Physical Location","Legal Assistance","2400 University Avenue","Des Moines",IA,50311.0,515.271.3851,"The General Civil Practice Clinic has two intake days per year, accepting family law cases (custody, divorce, decree modifications). The Elder Law Clinic accepts clients year-round, and the Refugee Law Clinic accepts clients as resources permit. Submit inquiries via phone or email (law-clinic@drake.edu).",https://www.drake.edu/law/clinics-centers/clinic/,"2400 University Avenue, Des Moines, IA 50311",41.600257,-93.649912,1,rooftop,"2400 University Ave",,"Des Moines, IA 50311",2400,"University Ave",,,"Des Moines",IA,"Polk County",50311,US,"Statewide IA",gcod_usnz9rm7neekbajbr6p7mcx6g7n64,building_centroid
"Dress for Success","Physical Location",Clothing,"7025 Hickman Road, Suite 3",Urbandale,IA,50322.0,515.288.0130,"Women obtain what they need for an interview and can return once they find employment for the apparel and accessories needed to enter the workforce. Hours: Mon/Wed/Thu 9:30 AM-3:30 PM, Tue 9:30 AM-7:30 PM.",https://desmoines.dressforsuccess.org/,"7025 Hickman Road, Suite 3, Urbandale, IA 50322",41.615469,-93.71452,1,rooftop,"7025 Hickman Rd","Ste 3","Urbandale, IA 50322",7025,"Hickman Rd",Ste,3,Urbandale,IA,"Polk County",50322,US,"Statewide IA",gcod_usnc2jh7ukdmh36327uk7pmfunl3f-vcgelnmbj74b7,building_centroid
"East Community Center","Physical Location","Community Centers","1231 E. 26th Street","Des Moines",IA,50317.0,515.265.8461,"Crafts, games, exercise, health clinics, and other activities for seniors and other adults. Meals served on selected days (Serving Time: 11 AM-12:30 PM). Check calendar for details. Hours: Monday-Friday 8 AM-4:30 PM.",https://www.polkcountyiowa.gov/community-family-youth-services/senior-services/...,"1231 E. 26th Street, Des Moines, IA 50317",41.601531,-93.567629,1,rooftop,"1231 E 26th St",,"Des Moines, IA 50317",1231,"E 26th St",,,"Des Moines",IA,"Polk County",50317,US,"Statewide IA",gcod_usny36uc7y7j8ptgefqx6pafspru3,building_centroid
"East Side Library","Physical Location","Branch Locations","2559 Hubbell Avenue","Des Moines",IA,50317.0,"(515) 283-4152","In-Person Services: Monday-Thursday 10:00 AM-8:00 PM, Friday 10:00 AM-6:00 PM, Saturday 10:00 AM-5:00 PM. Closed Sunday.",/locations-hours/east-side,"2559 Hubbell Avenue, Des Moines, IA 50317",41.611261,-93.566593,1,rooftop,"2559 Hubbell Ave",,"Des Moines, IA 50317",2559,"Hubbell Ave",,,"Des Moines",IA,"Polk County",50317,US,"Statewide IA",gcod_usnaftusyxqfkw34qp9a87f4a6uhd,building_centroid
Easterseals,"Physical Location",Disabilities,"401 NE 66th Avenue","Des Moines",IA,50313.0,515.289.1933,"Provides a wide range of services to ensure that all people with disabilities or special needs and their families have equal opportunities to live, learn, work, and play in their communities. Hours: Monday-Friday 8 AM-5 PM.",https://www.easterseals.com/ia/,"401 NE 66th Avenue, Des Moines, IA 50313",41.678144,-93.613816,1,rooftop,"401 NE 66th Ave",,"Des Moines, IA 50313",401,"NE 66th Ave",,,"Des Moines",IA,"Polk County",50313,US,"Statewide IA",gcod_usnghm294yh84wn69rlujchk9eq97,building_centroid
"Eastside Church of the Nazarene Pantry","Physical Location","Food Pantries","1451 E. 25th St.","Des Moines",IA,50317.0,515.265.6000,"Food pantry distribution. Hours: Tuesday and Thursday 9 AM-10:30 AM (appointments only, call to schedule).",https://www.dsmeastside.org/?subpages/food%20pantry.shtml,"1451 E. 25th St., Des Moines, IA 50317",41.605965,-93.570367,1,rooftop,"1451 E 25th St",,"Des Moines, IA 50317",1451,"E 25th St",,,"Des Moines",IA,"Polk County",50317,US,"Statewide IA",gcod_usnc8sdxb4ldt5z588l6h8mjxh4a3,building_centroid
"Eastview Community Center","Physical Location","Community Centers","4101 East 42nd Street","Des Moines",IA,50317.0,515.809.2356,"Owned and operated by Valley Church, offering a number of activities including fitness classes, community events, and serving opportunities. Food Pantry Hours: Tue/Wed 2 PM-5 PM, Thu 10 AM-12 PM, Fri 10 AM-2 PM.",http://www.eastviewcc.com/,"4101 East 42nd Street, Des Moines, IA 50317",41.635056,-93.531379,1,rooftop,"4101 E 42nd St",,"Des Moines, IA 50317",4101,"E 42nd St",,,"Des Moines",IA,"Polk County",50317,US,"Statewide IA",gcod_usnl6hwexy3jjuq362bcgwdfbwgbf,building_centroid
"Eddie Davis Community Center","Physical Location","Community Centers","1312 Maple St","West Des Moines",IA,50265.0,515.277.1103,"Provides several neighborhood support services, including community meals and an active food pantry. Hours: Monday-Friday 12 PM-4 PM.",https://www.eddiedaviscenter.org/,"1312 Maple St, West Des Moines, IA 50265",41.596093,-93.602523,0.88,nearest_rooftop_match,"1290 Maple St",,"Des Moines, IA 50316",1290,"Maple St",,,"Des Moines",IA,"Polk County",50316,US,"Statewide IA",gcod_usn9gkbdu3grwm3984e2tund6ez64,building_centroid
Ellipsis,"Physical Location",Shelters,"918 SE 11th St","Des Moines",IA,50309.0,"515.243.3459, 515.282.9377","Youth shelter providing a safe, supportive environment for kids of all ages. Offers diverse therapeutic and counseling services for emotional, behavioral, or substance use needs, alongside Transitional and Independent Living programs for young adults. 24/7 Crisis Line: 515.243.3459.",https://ellipsisiowa.org/,"918 SE 11th St, Des Moines, IA 50309",41.579544,-93.599062,1,rooftop,"918 SE 11th St",,"Des Moines, IA 50309",918,"SE 11th St",,,"Des Moines",IA,"Polk County",50309,US,"Statewide IA",gcod_usn6wnxrnsqrteh7wrmckl3gwtym9,building_centroid
"Embarc Refugee Parent Navigator Project","Physical Location","Immigrants & Refugees","4801 Franklin Ave. Suite 101","Des Moines",IA,50310.0,515.512.5252,"Provides immigrant and refugee parents with peer-to-peer child development and parenting education to build problem-solving skills and navigate Western parenting norms. Also facilitates direct access to preschool and kindergarten registration. Hours: Mon-Fri 9 AM-5 PM.",http://www.embarciowa.org/,"4801 Franklin Ave. Suite 101, Des Moines, IA 50310",41.611691,-93.683295,1,rooftop,"4801 Franklin Ave","Ste 101","Des Moines, IA 50310",4801,"Franklin Ave",Ste,101,"Des Moines",IA,"Polk County",50310,US,"Statewide IA",gcod_usnsupwqvkcgk83cdey6gbhmrg48h-exwdezc5j3rd5,building_centroid
"Employee & Family Resources","Physical Location","Mental Health","505 Fifth Avenue, Suite 600","Des Moines",IA,50309.0,1.800.327.4692,"Provides structural counseling services to youth, adults, and families, including substance use disorder assessments and juvenile/adult referrals. Features an Employee Assistance Program with a 24/7 crisis hotline (1.800.327.4692). Hours: Mon-Thu 8 AM-5 PM, Fri 8 AM-4:30 PM.",http://www.efr.org/,"505 Fifth Avenue, Suite 600, Des Moines, IA 50309",41.588308,-93.623966,1,rooftop,"505 5th Ave","Ste 600","Des Moines, IA 50309",505,"5th Ave",Ste,600,"Des Moines",IA,"Polk County",50309,US,"Statewide IA",gcod_usnzzzgtawlk9l96r969e6lhuhjac-ufdpesxwgkal3,building_centroid
"Epworth United Methodist Church","Physical Location","General Assistance","412 Euclid Ave.","Des Moines",IA,50313.0,515.243.3817,"Features a trained community ministry team providing long-term supportive services and reentry navigation for individuals released from prison. Also serves hot community meals on-site. Meal Times: Tuesdays 5:30 PM-6:30 PM, Saturdays 11 AM-12:30 PM. Office Hours: M/Tu/W/F 8:30 AM-12 PM.",http://www.epworthumc-desmoines.org/,"412 Euclid Ave., Des Moines, IA 50313",41.627496,-93.623099,1,rooftop,"412 Euclid Ave",,"Des Moines, IA 50313",412,"Euclid Ave",,,"Des Moines",IA,"Polk County",50313,US,"Statewide IA",gcod_usndg5l76ssam623u7ejftvsdpky5,building_centroid
"Evelyn K Davis Center","Physical Location","Job Assistance","1171 7th Street","Des Moines",IA,50314.0,515.697.7700,"Comprehensive career center offering job searches, interview coaching, resume prep, work readiness training, and Adult Based Education classes. Features 'Men on the Move Clothing Closet' (Tue-Fri 11 AM-2 PM by appointment), providing a personal shopping experience for career attire. Center Hours: Mon-Fri 8 AM-4:30 PM.",https://www.dmacc.edu/ekdc/programs.html,"1171 7th Street, Des Moines, IA 50314",41.599655,-93.62633,1,rooftop,"1171 7th St",,"Des Moines, IA 50314",1171,"7th St",,,"Des Moines",IA,"Polk County",50314,US,"Statewide IA",gcod_usn2fezt7lyrdmfabdhrdcsvh2pv5,building_centroid
"Everybody Wins! Iowa","Physical Location",Education,"901 Walnut Street, School #315","Des Moines",IA,50309.0,515.277.7590,"Matches volunteer reading mentors one-to-one with elementary students for weekly one-hour shared reading and conversation sessions. Programs operate during breakfast, lunch, after-school, or evening dinner hours across local schools and organizations.",https://everybodywinsiowa.org/,"901 Walnut Street, School #315, Des Moines, IA 50309",41.585276,-93.628766,1,rooftop,"901 Walnut St","# 315","Des Moines, IA 50309",901,"Walnut St",#,315,"Des Moines",IA,"Polk County",50309,US,"Statewide IA",gcod_usnnanuftdmw5kdhjr9tqbbn7ncx4-qwnclqyddtmle,building_centroid
"EveryStep Care and Support Services","Physical Location",Education,"3000 Easton Boulevard","Des Moines",IA,50317.0,"515.288.1516, 515.274.3400","Hosts the 'Play and Learn Program,' offering child-directed, playful learning activities for families with children ages 0-8 (includes a free book and healthy snack at each session). Organization also delivers home health, hospice care, and extensive clinical grief/loss support systems.",https://www.everystep.org/about/events,"3000 Easton Boulevard, Des Moines, IA 50317",41.612515,-93.558668,1,rooftop,"3000 Easton Blvd",,"Des Moines, IA 50317",3000,"Easton Blvd",,,"Des Moines",IA,"Polk County",50317,US,"Statewide IA",gcod_usn64r5zh8z3lf687ct47anj8w4q8,building_centroid
"Eyerly Ball Community Mental Health Center","Physical Location","Mental Health","1319 Pennsylvania Ave.","Des Moines",IA,50316.0,515.241.0982,"Community mental health center providing comprehensive treatment for individuals experiencing depression, anxiety, substance use, and chronic mental illness conditions. Hours: Monday-Friday 8 AM-4:30 PM.",https://www.unitypoint.org/locations/unitypoint-health---eyerly-ball,"1319 Pennsylvania Ave., Des Moines, IA 50316",41.602972,-93.608159,1,rooftop,"1319 Pennsylvania Ave",,"Des Moines, IA 50316",1319,"Pennsylvania Ave",,,"Des Moines",IA,"Polk County",50316,US,"Statewide IA",gcod_usnu6nvzggllknwfy2c8m9qglpag3,building_centroid
"Families Forward/New Directions Shelter","Physical Location",Shelters,"3001 Grand Avenue","Des Moines",IA,50312.0,"515.244.9748, 515.243.7456","Provides free, immediate temporary emergency shelter and supportive resources for families with children experiencing homelessness (New Directions Shelter), alongside transitional and supportive housing programs to help families establish financial independence.",https://www.familiesforward.org/,"3001 Grand Avenue, Des Moines, IA 50312",41.584836,-93.657999,1,rooftop,"3001 Grand Ave",,"Des Moines, IA 50312",3001,"Grand Ave",,,"Des Moines",IA,"Polk County",50312,US,"Statewide IA",gcod_usnw6jxc8g7erxghakrc4vrr3v9v5,building_centroid
"Family Enrichment Center","Physical Location","General Assistance","2309 Euclid Avenue","Des Moines",IA,50310.0,515.286.3406,"Delivers integrated family support services, educational tracking, skill training, and immediate employment connections to assist households in establishing economic stability and self-sufficiency.",https://www.polkcountyiowa.gov/community-family-youth-services/community-and-fa...,"2309 Euclid Avenue, Des Moines, IA 50310",41.629163,-93.647795,1,rooftop,"2309 Euclid Ave",,"Des Moines, IA 50310",2309,"Euclid Ave",,,"Des Moines",IA,"Polk County",50310,US,"Statewide IA",gcod_usnydvaumqv9ln7csfj2j88v3tsz7,building_centroid
"Family Self Sufficiency Program","Physical Location","General Assistance","2309 Euclid Avenue","Des Moines",IA,50310.0,"515.323.8983, 515.323.8969","Coordinates public housing assistance with regional private development resources to enable participating lower-income households to build lasting economic independence. Administered as part of the Des Moines Municipal Housing Agency.","https://www.dsm.city/departments/housing/family_self sufficiency.php","2309 Euclid Avenue, Des Moines, IA 50310",41.629163,-93.647795,1,rooftop,"2309 Euclid Ave",,"Des Moines, IA 50310",2309,"Euclid Ave",,,"Des Moines",IA,"Polk County",50310,US,"Statewide IA",gcod_usnydvaumqv9ln7csfj2j88v3tsz7,building_centroid
"Forest Avenue Library","Physical Location","Branch Locations","1326 Forest Ave.","Des Moines",IA,50314.0,"(515) 283-4152","In-Person Services: Monday-Thursday 10:00 AM-8:00 PM, Friday 10:00 AM-6:00 PM, Saturday 10:00 AM-5:00 PM. Closed Sunday.",/locations-hours/forest-avenue,"1326 Forest Ave., Des Moines, IA 50314",41.603695,-93.63558,1,rooftop,"1326 Forest Ave",,"Des Moines, IA 50314",1326,"Forest Ave",,,"Des Moines",IA,"Polk County",50314,US,"Statewide IA",gcod_usnukpxjsbj5n3qbexc8dey7uuhs7,building_centroid
"Fourmile Community Center","Physical Location","Community Centers","3711 Easton Boulevard","Des Moines",IA,50317.0,515.265.9977,"Features community programs for all age brackets, including an on-site weight and fitness room, a public computer lab, and Polk County congregate senior meal services. Center Hours: 9 AM-3 PM. Meal Serving Time: 11 AM-12:30 PM.",https://www.polkcountyiowa.gov/community-family-youth-services/senior-services/...,"3711 Easton Boulevard, Des Moines, IA 50317",41.614243,-93.542535,1,rooftop,"3711 Easton Blvd",,"Des Moines, IA 50317",3711,"Easton Blvd",,,"Des Moines",IA,"Polk County",50317,US,"Statewide IA",gcod_usn64r5zh8z3lf68cdechhqx4m3t3,building_centroid
"Franklin Avenue Library","Physical Location","Branch Locations","5000 Franklin Avenue","Des Moines",IA,50310.0,"(515) 283-4152","In-Person Services: Monday-Thursday 9:00 AM-8:00 PM, Friday 9:00 AM-6:00 PM, Saturday 10:00 AM-5:00 PM, Sunday 12:00-4:00 PM. Drive-up Pickup Window Hours: Monday-Friday 10:00 AM-6:00 PM, Saturday 10:00 AM-5:00 PM. Drive-up Window Closed Sunday.",/locations-hours/franklin-avenue,"5000 Franklin Avenue, Des Moines, IA 50310",41.610993,-93.688076,1,rooftop,"5000 Franklin Ave",,"Des Moines, IA 50310",5000,"Franklin Ave",,,"Des Moines",IA,"Polk County",50310,US,"Statewide IA",gcod_usnsupwqvkcgk83cr3zjs7wty3lna,building_centroid
"Friendship Center","Physical Location","Community Centers","1526 Martin Luther King Jr Pkwy","Des Moines",IA,50311.0,515.244.1701,"Faith-based center providing an on-site food pantry and a community clothes closet. Hosts 'The Washboard' mobile laundry program, providing direct laundry assistance and machine quarters (call or check Facebook to verify weekly mobile locations).",https://www.facebook.com/FriendshipCenterDSM/,"1526 Martin Luther King Jr Pkwy, Des Moines, IA 50311",41.606683,-93.644083,1,rooftop,"1526 Martin Luther King Jr Pkwy",,"Des Moines, IA 50314",1526,"Martin Luther King Jr Pkwy",,,"Des Moines",IA,"Polk County",50314,US,"Statewide IA",gcod_usnqmw9atx7lldzdqsal7j2tehghh,building_centroid
"Full Circle Recovery","Physical Location","Substance Abuse","4725 Merle Hay Road","Des Moines",IA,50322.0,515.783.6382,"An independent, peer-led recovery community organization providing emotional, informational, and practical support structures for individuals and families impacted by substance use. Note: This is a peer-support network and not a clinical treatment provider.",https://recoverfullcircle.org/,"4725 Merle Hay Road, Des Moines, IA 50322",41.646088,-93.696467,0.91,rooftop,"4725 Merle Hay Rd",,"Des Moines, IA 50322",4725,"Merle Hay Rd",,,"Des Moines",IA,"Polk County",50322,US,"Statewide IA",gcod_usnkm2abzshxebk633cym5nsqpbxc,building_centroid
"Genesis Youth Foundation","Physical Location","Immigrants & Refugees","2500 University Ave.","Des Moines",IA,50311.0,515.219.7428,"Delivers dedicated after-school programs for immigrant and refugee youths, offering targeted academic assistance across reading, writing, mathematics, science, language development, and the arts.",https://www.genesisyouthfoundation.org/,"2500 University Ave., Des Moines, IA 50311",41.600237,-93.651203,1,rooftop,"2500 University Ave",,"Des Moines, IA 50311",2500,"University Ave",,,"Des Moines",IA,"Polk County",50311,US,"Statewide IA",gcod_usnz9rm7neekbajbcpxqlwslybw2f,building_centroid
"Grace United Methodist Services","Physical Location","General Assistance","3700 Cottage Grove Avenue","Des Moines",IA,50311.0,515.255.2131,"Hosts a 24/7 open-access outdoor Community Fridge in the parking lot adjacent to the west garage. Provides a free community meal every Tuesday from 5 PM-7 PM, and runs a free walk-in medical clinic every Tuesday (Registration: 5 PM-7 PM; Patient hours: 5:30 PM-7:30 PM).",https://www.gracedesmoines.org/service,"3700 Cottage Grove Avenue, Des Moines, IA 50311",41.598002,-93.66717,1,rooftop,"3700 Cottage Grove Ave",,"Des Moines, IA 50311",3700,"Cottage Grove Ave",,,"Des Moines",IA,"Polk County",50311,US,"Statewide IA",gcod_usnxeyrbel7ke9z7jpp645ua2d4jc,building_centroid
Griefshare,"Physical Location",Grief,"206 SW Walnut Street",Ankeny,IA,50023.0,515.964.4249,"Operates structured community grief support groups, including specialty sessions such as 'Death of a Spouse' and 'Surviving the Holidays'. Hosted at Ankeny United Methodist Church.",https://www.ankenyfirst.org/care,"206 SW Walnut Street, Ankeny, IA 50023",41.730933,-93.60634,1,rooftop,"206 SW Walnut St",,"Ankeny, IA 50023",206,"SW Walnut St",,,Ankeny,IA,"Polk County",50023,US,"Statewide IA",gcod_usnwvnjz3pgjvflen4krmjm4qqgdd,building_centroid
"Grieving with UnityPoint","Physical Location",Grief,"11333 Aurora Ave.",Urbandale,IA,50322.0,515.557.3126,"Delivers comprehensive bereavement care, including individualized one-on-one grief counseling, telephonic support, therapeutic workshop series, memorial programming, and local resource coordination.",https://www.unitypoint.org/find-a-service/hospice-care/bereavement-support,"11333 Aurora Ave., Urbandale, IA 50322",41.638924,-93.774374,1,rooftop,"11333 Aurora Ave",,"Urbandale, IA 50322",11333,"Aurora Ave",,,Urbandale,IA,"Polk County",50322,US,"Statewide IA",gcod_usnun489lyat9w8h2u25para3zafa,building_centroid
"Grimes Food Pantry","Physical Location","Food Pantries","112 NE Ewing St.",Grimes,IA,50111.0,515.986.4191,"Local food pantry and clothing closet servicing residents of Grimes. Requirements: Photo ID and a current rent or utility bill are mandatory to verify residency. Hours: Tuesday & Thursday 9 AM-12 PM; 1st & 2nd Tuesday of each month 5:30 PM-7:30 PM.",https://grimesstorehouse.com/food-pantry/,"112 NE Ewing St., Grimes, IA 50111",41.689044,-93.793886,0.93,rooftop,"112 NE Ewing St",,"Grimes, IA 50111",112,"NE Ewing St",,,Grimes,IA,"Polk County",50111,US,"Statewide IA",gcod_usnflzrsgbcssu83p29e93fv4r7a7,building_centroid
"Hansen House of Hospitality","Physical Location",Shelters,"1521 6th Avenue","Des Moines",IA,50314.0,515.282.0549,"Provides temporary shelter and reintegration support for 10 men transitioning from prison back into the community.",,"1521 6th Avenue, Des Moines, IA 50314",41.606651,-93.625521,1,rooftop,"1521 6th Ave",,"Des Moines, IA 50314",1521,"6th Ave",,,"Des Moines",IA,"Polk County",50314,US,Polk,gcod_usnqpwl38sh6vkd5bjdty8nke3vud,
"Harbor of Hope Recovery House","Physical Location","Substance Abuse","3650 Cottage Grove Ave.","Des Moines",IA,50311.0,515.244.0370,"Provides men coming from prison, jail, treatment, or other correctional programs with access and information to community resources while supplying safe, adequate transitional housing.",http://harborofhopeiowa.com,"3650 Cottage Grove Ave., Des Moines, IA 50311",41.59823,-93.666335,1,rooftop,"3650 Cottage Grove Ave",,"Des Moines, IA 50311",3650,"Cottage Grove Ave",,,"Des Moines",IA,"Polk County",50311,US,"Statewide IA",gcod_usnxeyrbel7ke9z7w9sbau757nye4,building_centroid
"Harm Reduction Kits (Polk County Health Dept.)","Physical Location","General Assistance","1907 Carpenter Ave.","Des Moines",IA,50314.0,515-286-3798,"Features a free vending machine with harm reduction supplies located at the Polk County Health Department. Also coordinates a 24/7 open-access lock box at River Place (2309 Euclid Ave, Des Moines, IA 50314; Lock Box Code: 185 036) containing free kits for cleaning needles and syringes, Sharps containers, and hygiene packs with soap, toothbrushes, and period products.",https://www.polkcountyiowa.gov/health-department/services-and-programs/harm-red...,"1907 Carpenter Ave., Des Moines, IA 50314",41.602927,-93.643379,1,rooftop,"1907 Carpenter Ave",,"Des Moines, IA 50314",1907,"Carpenter Ave",,,"Des Moines",IA,"Polk County",50314,US,Polk,gcod_usnbeh9lf7fpx3eh8jvqccr4pu8u9,
"Harvest Academy","Physical Location","Substance Abuse","8769 G24 Hwy",Indianola,IA,50125.0,515.901.8714,"A comprehensive, minimum two-year residential life skills and community program designed to help individuals reshape attitudes, behaviors, and values. Apply via phone or online form.",https://harvestacademyiowa.com/,"8769 G24 Hwy, Indianola, IA 50125",41.43885,-93.596449,0.7,street_center,"G24 Hwy",,"Indianola, IA 50125",,"G24 Hwy",,,Indianola,IA,"Warren County",50125,US,"TIGER/Line® dataset from the US Census Bureau",gcod_uss5yyhc74wy9lt9,
"Highland Park Christian Church","Physical Location","General Assistance","4260 NW 6th Drive","Des Moines",IA,50313.0,515.244.3182,"Hosts a free weekly community meal every Thursday from 5 PM-6 PM with no cost and no agenda. Also operates a free clothing closet featuring an assortment of gently used items on Mondays and Fridays from 10 AM-12 PM, and the first Thursday of the month from 4 PM-6 PM.",http://www.hpchristiandsm.org/?pageid=11,"4260 NW 6th Drive, Des Moines, IA 50313",41.637236,-93.626086,1,rooftop,"4260 NW 6th Dr",,"Des Moines, IA 50313",4260,"NW 6th Dr",,,"Des Moines",IA,"Polk County",50313,US,"Statewide IA",gcod_usnrbflxeqnbbqpcbhs8yz7equkac,building_centroid
"Home Inc.","Physical Location","General Assistance","1618 6th Ave.","Des Moines",IA,50314.0,515.243.1277,"Offers structured assistance programs for local homeowners who need to make necessary, essential property repairs to keep their living spaces safe and habitable.",https://www.homeincdsm.org/,"1618 6th Ave., Des Moines, IA 50314",41.608207,-93.625983,1,rooftop,"1618 6th Ave",,"Des Moines, IA 50314",1618,"6th Ave",,,"Des Moines",IA,"Polk County",50314,US,"Statewide IA",gcod_usnqpwl38sh6vkd5b8vvmm5zcnc98,building_centroid
"Honest Journey Sober Living","Physical Location","Temporary Housing","3442 57th Street","Des Moines",IA,50310.0,515.219.4911,"Transitional sober living housing and supportive environments tailored for men.",https://soberlivingiowa.com/,"3442 57th Street, Des Moines, IA 50310",41.626531,-93.696504,1,rooftop,"3442 57th St",,"Des Moines, IA 50310",3442,"57th St",,,"Des Moines",IA,"Polk County",50310,US,"Statewide IA",gcod_usn56qjwtjyba3lcyf2fgzr5yvua5,building_centroid
"Hope Center for Women and Children/Life Recovery Programs","Physical Location",Shelters,"3800 E. Douglas Ave.","Pleasant Hill",IA,50317.0,515.264.0144,"Features the Hope Center for Women and Children, a 2-year residential life recovery program for mothers experiencing homelessness and their kids. Also provides free, long-term Life Recovery Programs for single men, single women, and mothers with children to address the root causes of chronic poverty, addiction, and housing instability. Operated by Hope Ministries.",https://www.hopeiowa.org/,"3800 E. Douglas Ave., Pleasant Hill, IA 50317",41.629895,-93.540912,1,rooftop,"3800 E Douglas Ave",,"Des Moines, IA 50317",3800,"E Douglas Ave",,,"Des Moines",IA,"Polk County",50317,US,"Statewide IA",gcod_usnkf9xgycezzczdaxpttq45cl635,building_centroid
Hope+Elim,"Physical Location","Food Pantries","2500 University Ave.","Des Moines",IA,50311.0,515.282.4481,"Serves a free weekly hot community meal every Wednesday evening from 5 PM-6:30 PM.",https://www.lutheranchurchofhope.org/hope-elim/,"2500 University Ave., Des Moines, IA 50311",41.600237,-93.651203,1,rooftop,"2500 University Ave",,"Des Moines, IA 50311",2500,"University Ave",,,"Des Moines",IA,"Polk County",50311,US,"Statewide IA",gcod_usnz9rm7neekbajbcpxqlwslybw2f,building_centroid
"Hospice Care at UnityPoint at Home","Physical Location","Mental Health","11333 Aurora Avenue",Urbandale,IA,50322.0,515.557.3126,"Delivers comprehensive hospice care for individuals of all age brackets and medical diagnoses facing the final stages of life, specializing in routine home care, respite support, or inpatient placement. Features the 12-bed Taylor Hospice House facility with an RN on duty 24/7.",https://www.unitypoint.org/find-a-service/hospice-care,"11333 Aurora Avenue, Urbandale, IA 50322",41.638924,-93.774374,1,rooftop,"11333 Aurora Ave",,"Urbandale, IA 50322",11333,"Aurora Ave",,,Urbandale,IA,"Polk County",50322,US,"Statewide IA",gcod_usnun489lyat9w8h2u25para3zafa,building_centroid
"House of Mercy Des Moines","Physical Location","Substance Abuse","1409 Clark Street","Des Moines",IA,50314.0,515.643.6500,"Offers integrated substance-related/addictive disorders treatment and mental health programs. Also provides supportive transitional housing for sober living to improve long-term functioning in a clean, affordable environment. Intake Hours: Monday-Friday 9 AM-2 PM (Office open until 6 PM).",https://www.mercyone.org/desmoines/house-of-mercy/,"1409 Clark Street, Des Moines, IA 50314",41.606232,-93.637282,1,rooftop,"1409 Clark St",,"Des Moines, IA 50314",1409,"Clark St",,,"Des Moines",IA,"Polk County",50314,US,"Statewide IA",gcod_usnu73evr577wws2rg9uhvcamks74,building_centroid
"IHYC Youth Opportunity Center","Physical Location",Shelters,"612 Locust Street","Des Moines",IA,50309.0,515.883.2379,"Iowa Homeless Youth Centers facility providing crisis counseling, service referrals, staff support, showers, laundry facilities, a phone charging station, and donation closet access for unhoused youth. Offers nine low-barrier, single-bed residential units for youth ages 18-24. Center Hours: Mon-Fri 10 AM-6 PM. Weekday Meals: Free hot lunch (12 PM-1 PM) and dinner (5 PM-6 PM) served to at-risk and homeless youth ages 16-22.",https://www.yss.org/locations/ihyc/,"612 Locust Street, Des Moines, IA 50309",41.586553,-93.625635,1,rooftop,"612 Locust St",,"Des Moines, IA 50309",612,"Locust St",,,"Des Moines",IA,"Polk County",50309,US,"Statewide IA",gcod_usnyh7mj627x6g99p3gfewsvesune,building_centroid
"IMPACT Community Action Partnership","Physical Location","General Assistance","3226 University Avenue","Des Moines",IA,50311.0,515.518.4770,"Helps lower-income families stabilize basic needs through utility bill payments, seasonal heating assistance (November-April), emergency food assistance, personal hygiene supplies, and disaster recovery support. Hours: Mon/Tue/Thu/Fri 8 AM-4:30 PM, Wed 9:30 AM-4:30 PM.",https://www.impactcap.org/,"3226 University Avenue, Des Moines, IA 50311",41.600047,-93.661596,1,rooftop,"3226 University Ave",,"Des Moines, IA 50311",3226,"University Ave",,,"Des Moines",IA,"Polk County",50311,US,"Statewide IA",gcod_usnz9rm7neekbajbwkru6hmxmzpre,building_centroid
"IMPACT Community Action Partnership (Ankeny DMARC)","Physical Location","Food Pantries","641 S. Ankeny Blvd",Ankeny,IA,50023.0,515.518.4770,"Ankeny community action site providing individuals and families up to three days' worth of free emergency food in partnership with DMARC. Hours: Mon/Tue/Thu/Fri 8 AM-4:30 PM, Wed 9:30 AM-4:30 PM.",http://dmarcunited.org/food,"641 S. Ankeny Blvd, Ankeny, IA 50023",41.724112,-93.599692,1,rooftop,"641 S Ankeny Blvd",,"Ankeny, IA 50023",641,"S Ankeny Blvd",,,Ankeny,IA,"Polk County",50023,US,"Statewide IA",gcod_usnry8vwazeer7gbc39qt2gsc5nva,building_centroid
"International Rescue Committee","Physical Location","Immigrants & Refugees","1111 9th St. #226","Des Moines",IA,50314.0,515.216.3619,"Delivers holistic case management, immediate housing placement assistance, employment service connections, and health/wellness navigations to newly resettling refugee individuals and families.",https://rescue.org/united-states/des-moines-ia,"1111 9th St. #226, Des Moines, IA 50314",41.598195,-93.628698,1,rooftop,"1111 9th St","Ste 226","Des Moines, IA 50314",1111,"9th St",Ste,226,"Des Moines",IA,"Polk County",50314,US,"Statewide IA",gcod_usnh582lz5vhzyubhhypxn3elf6be-jgxgj78lattth,building_centroid
"Iowa Attorney General's Office","Physical Location","Legal Assistance","1305 E. Walnut Street","Des Moines",IA,50319.0,"1.888.777.4590, 515.281.5926","The Consumer Protection Division protects the public from financial fraud, systemic deception, and unfair business practices. Hours: Monday-Friday 8 AM-4:30 PM.",http://www.iowaattorneygeneral.gov/,"1305 E. Walnut Street, Des Moines, IA 50319",41.590239,-93.599251,1,rooftop,"1305 E Walnut St",,"Des Moines, IA 50319",1305,"E Walnut St",,,"Des Moines",IA,"Polk County",50319,US,"Statewide IA",gcod_usn8wrq622jgabybddtecv6abatba,building_centroid
"Iowa Bureau of Refugee Services","Physical Location","Immigrants & Refugees","321 E 12th St.","Des Moines",IA,50319.0,515.344.3675,"Assists regional refugees and asylees in establishing long-term economic independence. Helps navigate state benefits, coordinates a specialized CDL commercial driving training track through DMACC, and runs tailored language workshops for English language learners. Hours: Monday-Friday 8 AM-4:30 PM.",https://hhs.iowa.gov/programs/programs-and-services/refugee-services,"321 E 12th St., Des Moines, IA 50319",41.591132,-93.601136,1,rooftop,"321 E 12th St",,"Des Moines, IA 50319",321,"E 12th St",,,"Des Moines",IA,"Polk County",50319,US,"Statewide IA",gcod_usnmdummzql6qr2eqn7rz97n6anr8,building_centroid
"Iowa Center for Economic Success","Physical Location","Job Assistance","2222 Grand Ave.","Des Moines",IA,50312.0,,"Hosts free VITA program tax preparation services alongside broader regional small business training and asset-building initiatives. View website for updated seasonal site listings and direct appointment scheduling.",https://theiowacenter.org/taxservices/,"2222 Grand Ave., Des Moines, IA 50312",41.584205,-93.648155,1,rooftop,"2222 Grand Ave",,"Des Moines, IA 50312",2222,"Grand Ave",,,"Des Moines",IA,"Polk County",50312,US,"Statewide IA",gcod_usnw6jxc8g7erxghhfgcxlfz48hr2,building_centroid
"Iowa Family Support Network","Physical Location",Disabilities,"3000 Easton Boulevard","Des Moines",IA,50317.0,888.425.4371,"Offers services for families with children with disabilities, including the 'Children At Home' program which provides financial support for assistive items not covered by other programs.",https://www.iafamilysupportnetwork.org/,"3000 Easton Boulevard, Des Moines, IA 50317",41.612515,-93.558668,1,rooftop,"3000 Easton Blvd",,"Des Moines, IA 50317",3000,"Easton Blvd",,,"Des Moines",IA,"Polk County",50317,US,"Statewide IA",gcod_usn64r5zh8z3lf687ct47anj8w4q8,building_centroid
"Iowa Harm Reduction Coalition","Physical Location","Substance Abuse","1221 Center St. Suite 03","Des Moines",IA,50309.0,515.207.5202,"Offers risk reduction kits, naloxone kits, syringe clean-up/disposal, rapid HIV/HCV testing, fentanyl test strips, and linkages to substance use treatment.",https://www.iowaharmreductioncoalition.org/,"1221 Center St. Suite 03, Des Moines, IA 50309",41.592003,-93.633422,1,rooftop,"1221 Center St","Ste 3","Des Moines, IA 50309",1221,"Center St",Ste,3,"Des Moines",IA,"Polk County",50309,US,"Statewide IA",gcod_usnrjdkx6glwjnndkma2fq9xeyjq9-bl5pcqen3kwmd,building_centroid
"Iowa Legal Aid","Physical Location","Legal Assistance","666 Walnut St Floor 25","Des Moines",IA,50309.0,"1.800.532.1275, 1.800.532.1503","Provides free civil legal assistance for income-eligible clients. Includes a dedicated Legal Hotline for Older Iowans (1.800.992.8161) and specialized assistance for immigrants regarding rights, housing, and food/health matters.",https://www.iowalegalaid.org/,"666 Walnut St Floor 25, Des Moines, IA 50309",41.585533,-93.6255,1,rooftop,"666 Walnut St","Ste 25","Des Moines, IA 50309",666,"Walnut St",Ste,25,"Des Moines",IA,"Polk County",50309,US,"Statewide IA",gcod_usnnanuftdmw5kdh8wx9kra8ws96d-jdlvpkysa99ac,building_centroid
"Iowa Migrant Movement for Justice","Physical Location","Immigrants & Refugees",,"Des Moines",IA,,515.255.9809,"Provides low-income immigrants and refugees a safe space to seek free legal assistance for naturalization and immigration-related issues. Hours: Mon-Thu 9 AM-4:30 PM.",https://www.iowammj.org/,,41.672687,-93.572173,1,place,,,"Des Moines, IA 50301",,,,,"Des Moines",IA,"Polk County",50301,US,"TIGER/Line® dataset from the US Census Bureau",,
"Iowa Narcotics Anonymous","Physical Location","Substance Abuse","4424 Fleur Dr. #107","Des Moines",IA,50321.0,800.897.6242,"Nonprofit fellowship for individuals for whom drugs have become a major problem.",https://iowa-na.org/,"4424 Fleur Dr. #107, Des Moines, IA 50321",41.54424,-93.64561,0.83,nearest_rooftop_match,"4500 Fleur Dr","# 107","Des Moines, IA 50321",4500,"Fleur Dr",#,107,"Des Moines",IA,"Polk County",50321,US,"Statewide IA",gcod_usnkvd3ghjy5tg4bdt654qzxh6gee,building_centroid
"Iowa Office of Civil Rights","Physical Location","Legal Assistance","6200 Park Avenue, Suite 100","Des Moines",IA,50321.0,515.281.4121,"Conducts impartial, fact-driven investigative analyses of discrimination complaints filed within Iowa.",https://icrc.iowa.gov/,"6200 Park Avenue, Suite 100, Des Moines, IA 50321",41.55452,-93.701715,1,rooftop,"6200 Park Ave","Ste 100","Des Moines, IA 50321",6200,"Park Ave",Ste,100,"Des Moines",IA,"Polk County",50321,US,"Statewide IA",gcod_usn2hravrfqunff953jpqrlv969ff-rstxzkx7qrzeb,building_centroid
"Iowa Ombudsman","Physical Location","General Assistance","1112 E Grand Ave","Des Moines",IA,50319.0,515.281.3592,"Independent, impartial agency serving as a resource for citizens to air grievances about state government. Hours: Monday-Friday 8 AM-4:30 PM.",https://www.legis.iowa.gov/Ombudsman/,"1112 E Grand Ave, Des Moines, IA 50319",41.592774,-93.602761,1,rooftop,"1112 E Grand Ave",,"Des Moines, IA 50319",1112,"E Grand Ave",,,"Des Moines",IA,"Polk County",50319,US,"Statewide IA",gcod_usndzzzzgz3d7ldhfxnutqcr3zawb,building_centroid
"Iowa SIDS Foundation","Physical Location","General Assistance","2963 100th Street Ste. 2",Urbandale,IA,50322.0,515.965.7655,"Statewide non-profit health organization providing emotional support to SIDS and SUID families.",https://iowasids.org/,"2963 100th Street Ste. 2, Urbandale, IA 50322",41.622196,-93.75566,1,range_interpolation,"2963 100th St","Ste 2","Urbandale, IA 50322",2963,"100th St",Ste,2,Urbandale,IA,"Polk County",50322,US,"TIGER/Line® from the US Census Bureau",gcod_usng5s7kpvta6spfkqk5p2szzdv79,
"IowaWORKS Center","Physical Location","Job Assistance","200 Army Post Road #44","Des Moines",IA,50315.0,515.281.9619,"State agency providing employment services for job seekers. Hours: Mon-Fri 8 AM-4:30 PM (Wed 9 AM-4:30 PM).",https://workforce.iowa.gov/locations/iowaworks-des-moines,"200 Army Post Road #44, Des Moines, IA 50315",41.525806,-93.618258,1,rooftop,"200 Army Post Rd","Ste 44","Des Moines, IA 50315",200,"Army Post Rd",Ste,44,"Des Moines",IA,"Polk County",50315,US,"Statewide IA",gcod_usnxdrye4kekur8d26mmjcnmxqzy5-593pbhgdbtruh,building_centroid
"Johnston Partnership Food Pantry","Physical Location","Food Pantries","5870 Merle Hay Road, Suite C",Johnston,IA,50131.0,515.528.2379,"Provides up to three days worth of food for free. Hours: Tue/Thu/Sat 9 AM-1 PM, Tue 4 PM-6 PM. Arrive 15 minutes before closing for assistance.",https://www.johnstonpartnership.org/food-pantry,"5870 Merle Hay Road, Suite C, Johnston, IA 50131",41.667383,-93.699356,1,rooftop,"5870 Merle Hay Rd","Ste C","Johnston, IA 50131",5870,"Merle Hay Rd",Ste,C,Johnston,IA,"Polk County",50131,US,"Statewide IA",gcod_usnqhe83sm7kmcvcepd3mvbsnsuf4-5zkeapkpxharg,building_centroid
Joppa,"Physical Location",Shelters,"2326 Euclid Ave","Des Moines",IA,50310.0,515.288.5699,"Provides assistance and supplies to homeless individuals and families. Hours: Tue-Fri 9 AM-4 PM.",http://www.joppa.org/,"2326 Euclid Ave, Des Moines, IA 50310",41.626987,-93.647832,1,rooftop,"2326 Euclid Ave",,"Des Moines, IA 50310",2326,"Euclid Ave",,,"Des Moines",IA,"Polk County",50310,US,"Statewide IA",gcod_usnydvaumqv9ln7cr82lrxty9srp6,building_centroid
"Junior Achievement of Central Iowa","Physical Location",Education,"6100 Grand Avenue","Des Moines",IA,50312.0,515.279.9602,"K-12 classroom outreach programs fostering work-readiness, entrepreneurship, and financial literacy.",https://www.juniorachievement.org/web/ja-centraliowa,"6100 Grand Avenue, Des Moines, IA 50312",41.582138,-93.700231,1,rooftop,"6100 Grand Ave",,"Des Moines, IA 50312",6100,"Grand Ave",,,"Des Moines",IA,"Polk County",50312,US,"Statewide IA",gcod_usnw6jxc8g7erxghn3lqvr64tku89,building_centroid
"Kingdom Living","Physical Location","Substance Abuse","3120 SW 9th St.","Des Moines",IA,50315.0,,"Faith-based, structured sober living. Apply via email (admissions@kingdomlivingia.com).",https://www.kingdomlivingia.com/all-about-us,"3120 SW 9th St., Des Moines, IA 50315",41.55657,-93.625991,1,rooftop,"3120 SW 9th St",,"Des Moines, IA 50315",3120,"SW 9th St",,,"Des Moines",IA,"Polk County",50315,US,"Statewide IA",gcod_usn4df4jqfh88n2am6twdtesqmwke,building_centroid
"L.U.N.A. (Latinas Unidas Por Un Nuevo Amanecer)","Physical Location","Immigrants & Refugees","100 East Euclid, Suite 153","Des Moines",IA,50313.0,515.271.5060,"Provides culturally-specific services to Latina victims of domestic violence and sexual assault.",https://www.lunaiowa.org/,"100 East Euclid, Suite 153, Des Moines, IA 50313",41.628929,-93.618298,1,rooftop,"100 E Euclid Ave","Ste 153","Des Moines, IA 50313",100,"E Euclid Ave",Ste,153,"Des Moines",IA,"Polk County",50313,US,"Statewide IA",gcod_usnzhr87frvwc27c6ve4ffw9hf6y9-9hdbwlfpm9kw5,building_centroid
"Learning Disabilities Association of Iowa","Physical Location",Disabilities,"5665 Greendale Road, Suite D",Johnston,IA,50131.0,515.209.2290,"Support and resources for individuals with learning disabilities, parents, and educators.",https://ldaiowa.org/,"5665 Greendale Road, Suite D, Johnston, IA 50131",41.66331,-93.699352,1,rooftop,"5665 Greendale Rd","Ste D","Johnston, IA 50131",5665,"Greendale Rd",Ste,D,Johnston,IA,"Polk County",50131,US,"Statewide IA",gcod_usnpmgssw8eb897hxma8afn5dqwh9-yvze5gl43xqjg,building_centroid
"LADOS (Life After Death of Spouse)","Physical Location",Grief,"3700 Cottage Grove","Des Moines",IA,50311.0,515.277.6969,"Group for widowed persons meeting the second Sunday of each month at 7 PM to support each other through grief.",https://www.dmarcunited.org/services/lados/,"3700 Cottage Grove, Des Moines, IA 50311",41.598002,-93.66717,1,rooftop,"3700 Cottage Grove Ave",,"Des Moines, IA 50311",3700,"Cottage Grove Ave",,,"Des Moines",IA,"Polk County",50311,US,"Statewide IA",gcod_usnxeyrbel7ke9z7jpp645ua2d4jc,building_centroid
"Link Associates","Physical Location",Disabilities,"1452 29th Street","West Des Moines",IA,50266.0,515.262.8888,"Non-profit organization providing services for individuals with intellectual disabilities and their families.",https://www.linkassociates.org/,"1452 29th Street, West Des Moines, IA 50266",41.605404,-93.657027,1,range_interpolation,"1452 29th St",,"Des Moines, IA 50311",1452,"29th St",,,"Des Moines",IA,"Polk County",50311,US,"TIGER/Line® from the US Census Bureau",gcod_usnjqehvydhx3vddneexkhkty5w36,
"LULAC (League of United Latin American Citizens)","Physical Location","Immigrants & Refugees","5714 SE 24th Ct.","Des Moines",IA,50320.0,515.208.7312,"Sponsors Hispanic cultural/political events, provides college scholarships, and assists with income tax preparation and immigration/naturalization paperwork for families of undocumented immigrants.",https://www.latinovoteiowa.org/,"5714 SE 24th Ct., Des Moines, IA 50320",41.531497,-93.572364,1,rooftop,"5714 SE 24th Ct",,"Des Moines, IA 50320",5714,"SE 24th Ct",,,"Des Moines",IA,"Polk County",50320,US,"Statewide IA",gcod_usnvgfvmuh9pw3r59gmd79s7ylcmb,building_centroid
"Lutheran Services of Iowa (Refugee Center)","Physical Location","Immigrants & Refugees","3116 University Avenue","Des Moines",IA,50311.0,"515.271.7411, 515.274.4946, 515.271.7335","Collaborates with former refugees on citizenship education, US Citizenship exam prep, English/civics test prep, and interview coaching. Offers specialized programs for Elder Refugees and Refugee Child Care.",https://lsiowa.org/,"3116 University Avenue, Des Moines, IA 50311",41.600108,-93.66041,1,rooftop,"3116 University Ave",,"Des Moines, IA 50311",3116,"University Ave",,,"Des Moines",IA,"Polk County",50311,US,"Statewide IA",gcod_usnz9rm7neekbajbnc2ay6nmvu4q7,building_centroid
"Lutheran Services of Iowa (Mental Health)","Physical Location","Mental Health","3125 Cottage Grove Ave.","Des Moines",IA,50311.0,515.271.7411,"Provides a range of therapy services, including cognitive behavioral therapy, and group/individual family counseling.",https://lsiowa.org/,"3125 Cottage Grove Ave., Des Moines, IA 50311",41.598791,-93.660588,1,rooftop,"3125 Cottage Grove Ave",,"Des Moines, IA 50311",3125,"Cottage Grove Ave",,,"Des Moines",IA,"Polk County",50311,US,"Statewide IA",gcod_usnxeyrbel7ke9z7r6b7jhyvtlxy9,building_centroid
"Mercy Behavioral Health Adult Services","Physical Location","Mental Health","1450 NW 114th Street",Clive,IA,50325.0,844.680.0504,"Multidisciplinary behavioral health team coordinating treatment with medical care. Emergency Care available 24/7 at 1111 6th Ave, Des Moines.",https://www.mercyone.org/desmoines/services/behavioral-health-care,"1450 NW 114th Street, Clive, IA 50325",41.603624,-93.77358,1,rooftop,"1450 NW 114th St",,"Clive, IA 50325",1450,"NW 114th St",,,Clive,IA,"Polk County",50325,US,"Statewide IA",gcod_usnk2ehkys2p5vggv4un9nujhwbee,building_centroid
"Mercy Hospice Bereavement Services","Physical Location",Grief,"500 SW 7th Street Ste. 104","Des Moines",IA,50309.0,515.643.8400,"Offers individual counseling, support groups, informational resources, and remembrance events for those grieving.",https://www.mercyonehomecarehospice.org/bereavement-support,"500 SW 7th Street Ste. 104, Des Moines, IA 50309",41.578092,-93.623786,1,rooftop,"500 SW 7th St","Ste 104","Des Moines, IA 50309",500,"SW 7th St",Ste,104,"Des Moines",IA,"Polk County",50309,US,"Statewide IA",gcod_usnr5hlxzn9gpwtbqpc2lgdgm2sng-fehxrlcvfgm49,building_centroid
"Mercy Ministry Food Pantry","Physical Location","Food Pantries","1451 E 25th Street","Des Moines",IA,50317.0,515.265.6000,"Food pantry open Tuesday and Thursday mornings by appointment only. Call to schedule.",https://www.dsmeastside.org/?subpages/food%20pantry.shtml,"1451 E 25th Street, Des Moines, IA 50317",41.605965,-93.570367,1,rooftop,"1451 E 25th St",,"Des Moines, IA 50317",1451,"E 25th St",,,"Des Moines",IA,"Polk County",50317,US,"Statewide IA",gcod_usnc8sdxb4ldt5z588l6h8mjxh4a3,building_centroid
"Mind & Spirit Counseling Center","Physical Location","Mental Health","8553 Urbandale Avenue",Urbandale,IA,50322.0,515.274.4006,"Provides counseling for grief, anxiety, depression, stress, relationships, and spiritual matters. Offers innovative services for children and adolescents.",https://mindspiritcenter.org/,"8553 Urbandale Avenue, Urbandale, IA 50322",41.621912,-93.734609,1,rooftop,"8553 Urbandale Ave",,"Urbandale, IA 50322",8553,"Urbandale Ave",,,Urbandale,IA,"Polk County",50322,US,"Statewide IA",gcod_usn486f667b8hysh645jvykewzfhg,building_centroid
"MindSpring Mental Health Alliance","Physical Location","Mental Health","511 East 6th Street, Suite B","Des Moines",IA,50309.0,515.850.1467,"Grassroots education, support, and advocacy organization focused on improving the lives of individuals impacted by mental health challenges.",https://mindspringhealth.org/,"511 East 6th Street, Suite B, Des Moines, IA 50309",41.591539,-93.610235,1,rooftop,"511 E 6th St","Ste B","Des Moines, IA 50309",511,"E 6th St",Ste,B,"Des Moines",IA,"Polk County",50309,US,"Statewide IA",gcod_usnvf3rxmbqx79ud2s3nsyqblejt9-7k29wxrsysdt4,building_centroid
"Momentum Art Access","Physical Location",Disabilities,"900 Keosauqua Way, Studio #109+103","Des Moines",IA,50309.0,515.669.4821,"Provides free art-making opportunities and education for individuals with disabilities. Sign up for appointments online.",https://teamcsa.org/our-services/momentum/studio/,"900 Keosauqua Way, Studio #109+103, Des Moines, IA 50309",41.591244,-93.630428,1,rooftop,"900 Keosauqua Way","Ste 109","Des Moines, IA 50309",900,"Keosauqua Way",Ste,109,"Des Moines",IA,"Polk County",50309,US,"Statewide IA",gcod_usnslen85rqb7yseuju4w6g93k6v4-7nt55vxhxquq5,building_centroid
Monsoon,"Physical Location","Immigrants & Refugees","4952 Franklin Ave.","Des Moines",IA,50310.0,515.288.0881,"Serves victims/survivors of domestic violence, sexual assault, and human trafficking in Asian and Pacific Islander communities. Provides free/confidential counseling, legal assistance, housing, and social services.",https://monsooniowa.org/,"4952 Franklin Ave., Des Moines, IA 50310",41.610951,-93.68728,1,rooftop,"4952 Franklin Ave",,"Des Moines, IA 50310",4952,"Franklin Ave",,,"Des Moines",IA,"Polk County",50310,US,"Statewide IA",gcod_usnsupwqvkcgk83ctp238dz8qk4wb,building_centroid
Mosaic,"Physical Location",Disabilities,"11141 Aurora Ave. Bldg 3",Urbandale,IA,50322.0,515.246.1840,"Supports individuals with intellectual disabilities through housing, community support, healthcare coordination, job coaching, and immigration mental health evaluation.",https://www.mosaicinfo.org/locations/iowa/central-ia/,"11141 Aurora Ave. Bldg 3, Urbandale, IA 50322",41.638789,-93.770621,1,rooftop,"11141 Aurora Ave","Bldg 3","Urbandale, IA 50322",11141,"Aurora Ave",Bldg,3,Urbandale,IA,"Polk County",50322,US,"Statewide IA",gcod_usnun489lyat9w8hhve967q592u4c-5vt2hknfmpg7d,building_centroid
"New Beginnings Community Food Closet","Physical Location","Food Pantries","8631 Hickman Road",Urbandale,IA,50322.0,515.255.2181,"Community food closet accessible 24/7 off Patricia Drive. No forms or questions asked.",https://www.newbeginnings-cc.org/community-food-closet/,"8631 Hickman Road, Urbandale, IA 50322",41.61566,-93.739047,1,rooftop,"8631 Hickman Rd",,"Urbandale, IA 50322",8631,"Hickman Rd",,,Urbandale,IA,"Polk County",50322,US,"Statewide IA",gcod_usnc2jh7ukdmh363l5b4v7hlqrfta,building_centroid
"Nisaa African Family Services","Physical Location","Immigrants & Refugees","4944 Franklin Ave. Suite P","Des Moines",IA,50310.0,515.255.5430,"Provides gender-based violence services for African populations, including legal/immigration referrals, counseling, housing, employment assistance, and medical advocacy.",https://nisaa-afs.org/,"4944 Franklin Ave. Suite P, Des Moines, IA 50310",41.610805,-93.687054,1,rooftop,"4944 Franklin Ave","Ste P","Des Moines, IA 50310",4944,"Franklin Ave",Ste,P,"Des Moines",IA,"Polk County",50310,US,"Statewide IA",gcod_usnsupwqvkcgk83c4m92hjnlfahde-kc5tdhurcpq7f,building_centroid
"North Des Moines Community Fridge","Physical Location","General Assistance","5720 Urbandale Ave.","Des Moines",IA,50310.0,515.255.2101,"Community fridge accessible 24/7 in the shed next to the church.",https://www.standrewsdsm.org/north-des-moines-community-fridge,"5720 Urbandale Ave., Des Moines, IA 50310",41.621592,-93.696463,1,rooftop,"5720 Urbandale Ave",,"Des Moines, IA 50310",5720,"Urbandale Ave",,,"Des Moines",IA,"Polk County",50310,US,"Statewide IA",gcod_usneagzdjpv4zxy965re8gtncp5f5,building_centroid
"North Side Library","Physical Location","Branch Locations","3516 Fifth Avenue","Des Moines",IA,50313.0,"(515) 283-4152","Library services available: Mon-Thu 10 AM-8 PM, Fri 10 AM-6 PM, Sat 10 AM-5 PM. Closed Sunday.",/locations-hours/north-side,"3516 Fifth Avenue, Des Moines, IA 50313",41.627405,-93.623876,1,rooftop,"3516 5th Ave",,"Des Moines, IA 50313",3516,"5th Ave",,,"Des Moines",IA,"Polk County",50313,US,"Statewide IA",gcod_usnttaxbprhe86h9ae6g287ycr7vd,building_centroid
"Northside Community Center","Physical Location","Community Centers","3010 6th Avenue","Des Moines",IA,50313.0,515.288.1524,"Offers crafts, games, exercise, and health clinics for seniors and adults. Meals served 11 AM-12:30 PM on selected days.",https://www.polkcountyiowa.gov/community-family-youth-services/senior-services/...,"3010 6th Avenue, Des Moines, IA 50313",41.622594,-93.625243,1,rooftop,"3010 6th Ave",,"Des Moines, IA 50313",3010,"6th Ave",,,"Des Moines",IA,"Polk County",50313,US,"Statewide IA",gcod_usnzzvbyen3tjt99rpcm2uvqbshm8,building_centroid
"Northwest Community Center","Physical Location","Community Centers","5110 Franklin Avenue","Des Moines",IA,50310.0,515.279.2767,"Offers crafts, games, exercise, and health clinics for seniors and adults. Meals served 11 AM-12:30 PM on selected days.",https://www.polkcountyiowa.gov/community-family-youth-services/senior-services/...,"5110 Franklin Avenue, Des Moines, IA 50310",41.611023,-93.689707,1,rooftop,"5110 Franklin Ave",,"Des Moines, IA 50310",5110,"Franklin Ave",,,"Des Moines",IA,"Polk County",50310,US,"Statewide IA",gcod_usnsupwqvkcgk83ckghf3h9d97dma,building_centroid
"Norwoodville Community Center","Physical Location","Community Centers","3077 Ν.Ε. 46th Avenue","Des Moines",IA,50317.0,515.266.5794,"Activities including crafts, games, exercise, health clinics, and congregate meals (11 AM-12:30 PM). Hours: Mon-Fri 8 AM-4:30 PM.",https://www.polkcountyiowa.gov/community-family-youth-services/senior-services/...,"3077 Ν.Ε. 46th Avenue, Des Moines, IA 50317",41.643649,-93.556723,1,rooftop,"3077 NE 46th Ave",,"Des Moines, IA 50317",3077,"NE 46th Ave",,,"Des Moines",IA,"Polk County",50317,US,"Statewide IA",gcod_usnfbjm6dng6c647g3mbzprgv6272,building_centroid
"Oakridge Neighborhood Inc.","Physical Location","General Assistance","1401 Center St.","Des Moines",IA,50314.0,515.244.7702,"Offers youth programs (learning/school success), and family/workforce development (job readiness, ELL, citizenship, computer skills, parenting). Serves low-income and refugee families.",https://oakridgeneighborhood.org/youth-and-education/,"1401 Center St., Des Moines, IA 50314",41.592597,-93.6345,1,rooftop,"1401 Center St",,"Des Moines, IA 50314",1401,"Center St",,,"Des Moines",IA,"Polk County",50314,US,"Statewide IA",gcod_usn77284rx8s8gx53lbddgcavlxl3,building_centroid
"Optimae Behavioral Health Services","Physical Location","Mental Health","600 East Court Avenue, Suite 200","Des Moines",IA,50309.0,515.243.3525,"Provides therapy, psychiatric medication evaluation, and skill-building supports in-person and via telehealth. Discounts based on family size/income.",https://optimaelifeservices.com/our-services/behavioral-health/,"600 East Court Avenue, Suite 200, Des Moines, IA 50309",41.588684,-93.608345,1,rooftop,"600 E Court Ave","Ste 200","Des Moines, IA 50309",600,"E Court Ave",Ste,200,"Des Moines",IA,"Polk County",50309,US,"Statewide IA",gcod_usngjc3dy35fhceau8vgasp9l9f97-4p4jdaentck55,building_centroid
"Orchard Place / PACE Center","Physical Location","Mental Health","620 8th St.","Des Moines",IA,50309.0,"515.697.5700 (Substance Abuse), 515.285.6781 (Mental Health)","Services for children age 18 and under for mental health and substance abuse issues. Also offers childcare resources and referrals.",https://orchardplace.org/,"620 8th St., Des Moines, IA 50309",41.588446,-93.628412,1,rooftop,"620 8th St",,"Des Moines, IA 50309",620,"8th St",,,"Des Moines",IA,"Polk County",50309,US,"Statewide IA",gcod_usn3cdkpwnwuw5hgyvxlythvdytj3,building_centroid
"Pioneer Columbus Community Center","Physical Location","Community Centers","2100 SE 5th Street","Des Moines",IA,50315.0,515-248-6316,"Activities including weight room, cardio area, computer lab, and Polk County congregate meals. Hours: 8 AM-7:45 PM.","https://www.dsm.city/Pioneer Columbus Community Recreation Center334.php","2100 SE 5th Street, Des Moines, IA 50315",41.568221,-93.607251,1,rooftop,"2100 SE 5th St",,"Des Moines, IA 50315",2100,"SE 5th St",,,"Des Moines",IA,"Polk County",50315,US,"Statewide IA",gcod_usnddr8ukjz67xq9vv2xtj3hthtz3,building_centroid
"Polk County Adult Services","Physical Location",Disabilities,"2309 Euclid Avenue","Des Moines",IA,50310.0,515.286.3484,"Assists low-income disabled citizens (18+) with transportation, meals on wheels, and protective payee financial counseling.",https://www.polkcountyiowa.gov/community-family-youth-services/senior-services/...,"2309 Euclid Avenue, Des Moines, IA 50310",41.629163,-93.647795,1,rooftop,"2309 Euclid Ave",,"Des Moines, IA 50310",2309,"Euclid Ave",,,"Des Moines",IA,"Polk County",50310,US,"Statewide IA",gcod_usnydvaumqv9ln7csfj2j88v3tsz7,building_centroid
"Polk County Bar Association (Volunteer Lawyers Project)","Physical Location","Legal Assistance","625 E Court Avenue, Suite 100","Des Moines",IA,50309.0,515.243.3904,"Charitable organization providing civil legal services to low-income residents of Polk County.",https://www.pcbaonline.org/,"625 E Court Avenue, Suite 100, Des Moines, IA 50309",41.58767,-93.607849,1,rooftop,"625 E Court Ave","Ste 100","Des Moines, IA 50309",625,"E Court Ave",Ste,100,"Des Moines",IA,"Polk County",50309,US,"Statewide IA",gcod_usngjc3dy35fhceafqqbhhbkdfly4-338nw7sv332de,building_centroid
"Polk County Crisis and Advocacy Services","Physical Location","Mental Health","2309 Euclid Avenue","Des Moines",IA,50310.0,515.286.3600,"Crisis intervention and counseling for victims of assault/abuse. Offers support groups for suicide loss survivors and homicide survivors.",https://www.polkcountyiowa.gov/community-family-youth-services/community-and-fa...,"2309 Euclid Avenue, Des Moines, IA 50310",41.629163,-93.647795,1,rooftop,"2309 Euclid Ave",,"Des Moines, IA 50310",2309,"Euclid Ave",,,"Des Moines",IA,"Polk County",50310,US,"Statewide IA",gcod_usnydvaumqv9ln7csfj2j88v3tsz7,building_centroid
"Polk County Department of Human Services","Physical Location","General Assistance","321 E 12th St.","Des Moines",IA,50319.0,800.972.2017,"Assists with food, childcare, and state supplementary programs.",https://dhs.iowa.gov/,"321 E 12th St., Des Moines, IA 50319",41.591132,-93.601136,1,rooftop,"321 E 12th St",,"Des Moines, IA 50319",321,"E 12th St",,,"Des Moines",IA,"Polk County",50319,US,"Statewide IA",gcod_usnmdummzql6qr2eqn7rz97n6anr8,building_centroid
"Polk County Emergency Repair Program","Physical Location","General Assistance","5885 NE 14 Street","Des Moines",IA,50313.0,515.286.3356,"Lifetime maximum repair benefit of up to $8,000 for eligible families in homes assessed for less than $95,000.",https://www.polkcountyiowa.gov/public-works/housing-services-division/emergency...,"5885 NE 14 Street, Des Moines, IA 50313",41.668301,-93.599027,1,rooftop,"5885 NE 14th St",,"Des Moines, IA 50313",5885,"NE 14th St",,,"Des Moines",IA,"Polk County",50313,US,"Statewide IA",gcod_usn8axgxxc9e4s5ff7l922ac4x3m8,building_centroid
"Polk County General Assistance","Physical Location","General Assistance","2309 Euclid Avenue","Des Moines",IA,50310.0,515.286.2088,"Provides temporary financial assistance for basic services such as rent and utility assistance.",https://www.polkcountyiowa.gov/community-family-youth-services/community-and-fa/,"2309 Euclid Avenue, Des Moines, IA 50310",41.629163,-93.647795,1,rooftop,"2309 Euclid Ave",,"Des Moines, IA 50310",2309,"Euclid Ave",,,"Des Moines",IA,"Polk County",50310,US,"Statewide IA",gcod_usnydvaumqv9ln7csfj2j88v3tsz7,building_centroid
"Polk County Health Dept","Physical Location","General Assistance","1907 Carpenter Street","Des Moines",IA,50314.0,515.286.3798,"Offers immunizations, TB tests, primary care services, women's health services, and STD testing. Hours: Mon-Fri 8 AM-4:30 PM.",https://www.polkcountyiowa.gov/health-department/,"1907 Carpenter Street, Des Moines, IA 50314",41.602927,-93.643379,1,rooftop,"1907 Carpenter Ave",,"Des Moines, IA 50314",1907,"Carpenter Ave",,,"Des Moines",IA,"Polk County",50314,US,Polk,gcod_usnbeh9lf7fpx3eh8jvqccr4pu8u9,
"Polk County Life Services Center (Broadlawns Crisis Observation Center)","Physical Location","Mental Health","1914 Carpenter Ave","Des Moines",IA,50314.0,515.282.5742,"24/7 walk-in mental health clinic and sobering center providing a safe environment to meet with a nurse/therapist and set up ongoing mental health appointments.",https://www.broadlawns.org/clinics-and-services/mental-health/broadlawns-at-polk-county-crisis-observation-center,"1914 Carpenter Ave, Des Moines, IA 50314",41.602095,-93.643358,1,rooftop,"1914 Carpenter Ave",,"Des Moines, IA 50314",1914,"Carpenter Ave",,,"Des Moines",IA,"Polk County",50314,US,"Statewide IA",gcod_usn7fxnzjvpf86jfrwugmszn4lbsd,building_centroid
"Polk County Northside Food Pantry (DMARC)","Physical Location","Food Pantries",,"Des Moines",IA,,,"Provides food assistance in partnership with DMARC.",,,41.672687,-93.572173,1,place,,,"Des Moines, IA 50301",,,,,"Des Moines",IA,"Polk County",50301,US,"TIGER/Line® dataset from the US Census Bureau",,
"Primary Health Care (Homeless Support Services)","Physical Location",Shelters,"1200 University Avenue, Suite 110A","Des Moines",IA,50314.0,515.248.1850,"Centralized Intake for homeless services in Polk County. Connects individuals/families to housing resources, benefits, and care. Walk-in only: Mon-Fri 8:00 AM-3:30 PM.",,"1200 University Avenue, Suite 110A, Des Moines, IA 50314",41.600115,-93.63311,1,rooftop,"1200 University Ave","Ste 110","Des Moines, IA 50314",1200,"University Ave",Ste,110,"Des Moines",IA,"Polk County",50314,US,"Statewide IA",gcod_usnd88rxnpmsw8xdvxaplq6pya6yc-t2q7fn2wgl8h6,building_centroid
"Primary Health Care (B. Engebretsen Clinic)","Physical Location","General Assistance","2353 SE 14th Street","Des Moines",IA,50320.0,"515.248.1400 (Med), 515.248.1470 (Dent)","Comprehensive medical, dental, and pharmacy services. Medical Hours: Tue/Thu/Fri 8 AM-5 PM, Mon/Wed 8 AM-8 PM. Dental: Mon-Fri 7:30 AM-5:30 PM.",,"2353 SE 14th Street, Des Moines, IA 50320",41.564403,-93.596219,1,rooftop,"2353 SE 14th St",,"Des Moines, IA 50320",2353,"SE 14th St",,,"Des Moines",IA,"Polk County",50320,US,"Statewide IA",gcod_usnj9pj48hbucnl2s5ez39vr7f7ef,building_centroid
"Primary Health Care (East Side Campus)","Physical Location","General Assistance","3509 E 29th Street","Des Moines",IA,50310.0,515.248.1600,"Comprehensive medical, internal medicine, and specialty health services. Hours: Mon-Thu 8 AM-8 PM, Fri 8 AM-5 PM, Sat 9 AM-1 PM.",,"3509 E 29th Street, Des Moines, IA 50310",41.626866,-93.560589,1,rooftop,"3509 E 29th St",,"Des Moines, IA 50317",3509,"E 29th St",,,"Des Moines",IA,"Polk County",50317,US,"Statewide IA",gcod_usnd2sdtc626hl7g3anmskefy6py4,building_centroid
"Primary Health Care (Mercy)","Physical Location","General Assistance",,"Des Moines",IA,,,"Provides comprehensive family medicine, annual physicals, and specialized care.",,,41.672687,-93.572173,1,place,,,"Des Moines, IA 50301",,,,,"Des Moines",IA,"Polk County",50301,US,"TIGER/Line® dataset from the US Census Bureau",,
"Project Iowa","Physical Location","Job Assistance","4801 Franklin Ave Room 106","Des Moines",IA,50309.0,515.280.1274,"Provides free career training and employment placement services for individuals facing barriers to employment.",https://www.projectiowa.org/,"4801 Franklin Ave Room 106, Des Moines, IA 50309",41.611691,-93.683295,1,rooftop,"4801 Franklin Ave",,"Des Moines, IA 50310",4801,"Franklin Ave",,,"Des Moines",IA,"Polk County",50310,US,"Statewide IA",gcod_usnsupwqvkcgk83cdey6gbhmrg48h,building_centroid
Proteus,"Physical Location","Job Assistance","1221 Center Street, Suite 16","Des Moines",IA,50309.0,1.800.372.6031,"Provides the National Farmworkers' Job Program (NFJP), including education, job training, healthcare, legal assistance, and counseling.",http://www.proteusinc.net/,"1221 Center Street, Suite 16, Des Moines, IA 50309",41.592003,-93.633422,1,rooftop,"1221 Center St","Ste 16","Des Moines, IA 50309",1221,"Center St",Ste,16,"Des Moines",IA,"Polk County",50309,US,"Statewide IA",gcod_usnrjdkx6glwjnndkma2fq9xeyjq9-wht8uhyb3gcuh,building_centroid
"Recovery in Action","Physical Location","Substance Abuse","PO Box 13342","Des Moines",IA,50310.0,515.771.7497,"Provides sober, safe housing and accountability for men recovering from substance abuse.",https://www.riadm.com/,"PO Box 13342, Des Moines, IA 50310",41.672687,-93.572173,1,place,"PO Box 13342",,"Des Moines, IA 50301",13342,"PO Box",,,"Des Moines",IA,"Polk County",50301,US,"TIGER/Line® dataset from the US Census Bureau",,
"Rent Reimbursement (Iowa Dept of Revenue)","Physical Location","General Assistance","321 E 12th St.","Des Moines",IA,50319.0,515.420.6077,"State program providing rent reimbursement for qualifying individuals.",https://hhs.iowa.gov/programs/programs-and-services/rent-reimbursement,"321 E 12th St., Des Moines, IA 50319",41.591132,-93.601136,1,rooftop,"321 E 12th St",,"Des Moines, IA 50319",321,"E 12th St",,,"Des Moines",IA,"Polk County",50319,US,"Statewide IA",gcod_usnmdummzql6qr2eqn7rz97n6anr8,building_centroid
"RISE Recovery Center","Physical Location","Substance Abuse","3120 SW 9th Street","Des Moines",IA,50315.0,515.499.2105,"Community recovery support center offering social events, resources, and event spaces for wellness-focused programming.",https://www.riseiowa.org/,"3120 SW 9th Street, Des Moines, IA 50315",41.55657,-93.625991,1,rooftop,"3120 SW 9th St",,"Des Moines, IA 50315",3120,"SW 9th St",,,"Des Moines",IA,"Polk County",50315,US,"Statewide IA",gcod_usn4df4jqfh88n2am6twdtesqmwke,building_centroid
"Ruth Harbor","Physical Location","General Assistance","2500 University Ave.","Des Moines",IA,50311.0,515.279.4661,"Christ-centered home offering programs for young moms facing unplanned pregnancies or parenting young children.",http://www.ruthharbor.org,"2500 University Ave., Des Moines, IA 50311",41.600237,-93.651203,1,rooftop,"2500 University Ave",,"Des Moines, IA 50311",2500,"University Ave",,,"Des Moines",IA,"Polk County",50311,US,"Statewide IA",gcod_usnz9rm7neekbajbcpxqlwslybw2f,building_centroid
"Sagent Behavioral Health","Physical Location","Mental Health","600 42nd Street","Des Moines",IA,50313.0,866.671.1115,"Provides therapy and counseling services for Des Moines and surrounding areas.",https://sagentbh.com/,"600 42nd Street, Des Moines, IA 50313",41.58683,-93.674773,1,rooftop,"600 42nd St",,"Des Moines, IA 50312",600,"42nd St",,,"Des Moines",IA,"Polk County",50312,US,"Statewide IA",gcod_usny23hbfx7lxyq4ez4apcvdw88fg,building_centroid
"Salvation Army (Des Moines)","Physical Location","General Assistance","1326 6th Avenue","Des Moines",IA,50314.0,515.282.3227,"Provides a food pantry, mobile breakfast service for those experiencing homelessness, and financial assistance for rent/utilities by appointment.",https://centralusa.salvationarmy.org/desmoinestemple/cure-hunger/,"1326 6th Avenue, Des Moines, IA 50314",41.603182,-93.626044,1,rooftop,"1326 6th Ave",,"Des Moines, IA 50314",1326,"6th Ave",,,"Des Moines",IA,"Polk County",50314,US,"Statewide IA",gcod_usnqpwl38sh6vkd5dthd7hb8rq64f,building_centroid
"Salvation Army Adult Rehabilitation Center - E 25th","Physical Location","Substance Abuse","1216 E 25th Court","Des Moines",IA,50317.0,515.266.3156,"Free programs providing housing, food, counseling, community, and employment to treat alcohol and drug dependence. Hours: Mon-Fri 8:30 AM-4:30 PM.",https://centralusa.salvationarmy.org/desmoinescitadel/overcome-poverty/,"1216 E 25th Court, Des Moines, IA 50317",41.601633,-93.569695,1,rooftop,"1216 E 25th Ct",,"Des Moines, IA 50317",1216,"E 25th Ct",,,"Des Moines",IA,"Polk County",50317,US,"Statewide IA",gcod_usndpglsjbnmvwh2z4uvcj735hxhb,building_centroid
"Salvation Army Adult Rehabilitation Center - E 2nd","Physical Location","Substance Abuse","133 E 2nd Street","Des Moines",IA,50309.0,515.243.4277,"Free programs providing housing, food, counseling, community, and employment to treat alcohol and drug dependence.",https://centralusa.salvationarmy.org/,"133 E 2nd Street, Des Moines, IA 50309",41.586218,-93.613934,1,rooftop,"133 E 2nd St",,"Des Moines, IA 50309",133,"E 2nd St",,,"Des Moines",IA,"Polk County",50309,US,"Statewide IA",gcod_usny755d3kapgfzcypw6rj8jdlnra,building_centroid
"Section 8 Housing Choice Voucher Program","Physical Location","General Assistance","1200 Locust St.","Des Moines",IA,50309.0,515.323.8950,"Rental assistance for low-income families, elderly, or disabled individuals renting from private landlords. Part of Des Moines Municipal Housing Agency.",https://www.dsm.city/departments/housing/section_8.php,"1200 Locust St., Des Moines, IA 50309",41.585038,-93.632647,1,rooftop,"1200 Locust St",,"Des Moines, IA 50309",1200,"Locust St",,,"Des Moines",IA,"Polk County",50309,US,"Statewide IA",gcod_usnyh7mj627x6g9956ur2ydjnthyb,building_centroid
"South Senior Center","Physical Location","Community Centers","100 Payton Avenue","Des Moines",IA,50315.0,515.287.0092,"Offers crafts, games, exercise, health clinics, and congregate meals (11 AM-12:30 PM). Hours: Mon-Fri 8 AM-4:30 PM.",https://www.polkcountyiowa.gov/community-family-youth-services/senior-services/...,"100 Payton Avenue, Des Moines, IA 50315",41.529736,-93.616644,1,rooftop,"100 Payton Ave",,"Des Moines, IA 50315",100,"Payton Ave",,,"Des Moines",IA,"Polk County",50315,US,"Statewide IA",gcod_usnvgl9g8e8hfphe7rtvf479q9l2b,building_centroid
"South Side Library","Physical Location","Branch Locations","1111 Porter Avenue","Des Moines",IA,50315.0,"(515) 283-4152","Library services available Mon-Thu 10 AM-8 PM, Fri 10 AM-6 PM, Sat 10 AM-5 PM. Community fridge accessible during library hours.",/locations-hours/south-side,"1111 Porter Avenue, Des Moines, IA 50315",41.53493,-93.629655,1,rooftop,"1111 Porter Ave",,"Des Moines, IA 50315",1111,"Porter Ave",,,"Des Moines",IA,"Polk County",50315,US,"Statewide IA",gcod_usndabf5ynk6p3b8aqtb528h7yxlg,building_centroid
"St. Vincent de Paul - 6th Avenue","Physical Location","General Assistance","1426 6th Avenue","Des Moines",IA,50314.0,515.282.8327,"Offers clothes closet (M-F 9 AM-5 PM) and food pantry. Limited utility/rent assistance (under $700) available based on need/funding; call to inquire.",http://svdpdsm.org,"1426 6th Avenue, Des Moines, IA 50314",41.604889,-93.626176,1,rooftop,"1426 6th Ave",,"Des Moines, IA 50314",1426,"6th Ave",,,"Des Moines",IA,"Polk County",50314,US,"Statewide IA",gcod_usnqpwl38sh6vkd5y86kh9r9rkht8,building_centroid
"St. Vincent de Paul - Army Post Road","Physical Location","General Assistance","500 Army Post Road","Des Moines",IA,50315.0,515.282.8328,"Offers clothes closet (M-F 9 AM-5 PM), food pantry, and wrap-around services for individuals returning to society to regain employment and education.",http://svdpdsm.org,"500 Army Post Road, Des Moines, IA 50315",41.52546,-93.620402,1,rooftop,"500 Army Post Rd",,"Des Moines, IA 50315",500,"Army Post Rd",,,"Des Moines",IA,"Polk County",50315,US,"Statewide IA",gcod_usnxdrye4kekur8dwam38wpc6as89,building_centroid
"St. Joseph Emergency Family Center","Physical Location",Shelters,,"Des Moines",IA,,515.282.1235,"Provides emergency shelter for homeless families for up to 30 days, including meals and laundry. Contact Primary Healthcare Outreach (515.248.1850) for intake.",https://www.catholiccharitiesdm.org/our-services/emergency-family-shelter/,,41.672687,-93.572173,1,place,,,"Des Moines, IA 50301",,,,,"Des Moines",IA,"Polk County",50301,US,"TIGER/Line® dataset from the US Census Bureau",,
"St. Luke's Free Clinic","Physical Location","General Assistance","1421 West Broadway","Polk City",IA,50226.0,515.984.6274,"Clinic open the first and third Wednesday of each month from 6 PM-8 PM. No appointments necessary.",https://polkcityumc.org/mission/st-lukes-free-clinic,"1421 West Broadway, Polk City, IA 50226",41.77994,-93.727331,1,rooftop,"1421 W Broadway St",,"Polk City, IA 50226",1421,"W Broadway St",,,"Polk City",IA,"Polk County",50226,US,"Statewide IA",gcod_usnhwlyqkw9qtguc5yueu9glhensd,building_centroid
"St. Mark Neighborhood Fridge","Physical Location","General Assistance","1105 Grand Ave","West Des Moines",IA,50265.0,,"Community fridge open 24/7 and is handicap accessible.",https://www.stmarkwdm.org/ministries/st-mark-neighborhood-fridge,"1105 Grand Ave, West Des Moines, IA 50265",41.586518,-93.631788,1,rooftop,"1105 Grand Ave",,"Des Moines, IA 50309",1105,"Grand Ave",,,"Des Moines",IA,"Polk County",50309,US,Polk,gcod_usnlre8muxksrlxhffhw622mqggl4,
"St. Theresa Food Pantry","Physical Location","Food Pantries","1230 Merle Hay Road","Des Moines",IA,50311.0,515.279.4654,"Emergency food pantry located in the church office. Hours: Mon-Wed 10 AM-1:45 PM.",https://sainttheresaiowa.org/st-theresa-food-pantry/,"1230 Merle Hay Road, Des Moines, IA 50311",41.600958,-93.69836,1,rooftop,"1230 Merle Hay Rd",,"Des Moines, IA 50311",1230,"Merle Hay Rd",,,"Des Moines",IA,"Polk County",50311,US,"Statewide IA",gcod_usntprw8d868hg3g8rp6gmhekspld,building_centroid
"Taxpayer Assistance Center","Physical Location","General Assistance","210 Walnut St.","Des Moines",IA,50309.0,844.545.5640,"Assistance with federal tax filings and form pickup.",https://www.irs.gov/,"210 Walnut St., Des Moines, IA 50309",41.586514,-93.620242,1,rooftop,"210 Walnut St",,"Des Moines, IA 50309",210,"Walnut St",,,"Des Moines",IA,"Polk County",50309,US,"Statewide IA",gcod_usnnanuftdmw5kdhlmj4dtbheg99a,building_centroid
"Tech Journey","Physical Location",Education,"4801 Franklin Ave Room 1170","Des Moines",IA,50310.0,515.207.5065,"Provides monthly gatherings and summer camps for students (ages 8-18) to learn coding, app development, robotics, and creative technology in a social environment.",https://www.techjourney.org/,"4801 Franklin Ave Room 1170, Des Moines, IA 50310",41.611691,-93.683295,1,rooftop,"4801 Franklin Ave",,"Des Moines, IA 50310",4801,"Franklin Ave",,,"Des Moines",IA,"Polk County",50310,US,"Statewide IA",gcod_usnsupwqvkcgk83cdey6gbhmrg48h,building_centroid
"The Beacon","Physical Location","Substance Abuse","1717 Woodland Avenue","Des Moines",IA,50314.0,515.244.4713,"Transitional housing for women featuring intensive case management, substance abuse assessment, in-house AA meetings, and a sober living environment.",https://www.mercyone.org/desmoines/house-of-mercy/,"1717 Woodland Avenue, Des Moines, IA 50314",41.588268,-93.640973,1,rooftop,"1717 Woodland Ave",,"Des Moines, IA 50309",1717,"Woodland Ave",,,"Des Moines",IA,"Polk County",50309,US,"Statewide IA",gcod_usn6krxa5rwhcuferkeuc6c6latwb,building_centroid
"Tim's CLUBe","Physical Location","Substance Abuse","PO Box 65533","West Des Moines",IA,50265.0,515.478.0985,"Bible-based recovery housing.",https://timsclube.com/,"PO Box 65533, West Des Moines, IA 50265",41.672687,-93.572173,1,place,"PO Box 65533",,"Des Moines, IA 50301",65533,"PO Box",,,"Des Moines",IA,"Polk County",50301,US,"TIGER/Line® dataset from the US Census Bureau",,
"U.S. Committee for Refugees and Immigrants (USCRI)","Physical Location","Immigrants & Refugees",,"Des Moines",IA,,,"Provides services to help refugees and immigrants navigate transition and settlement.",,,41.672687,-93.572173,1,place,,,"Des Moines, IA 50301",,,,,"Des Moines",IA,"Polk County",50301,US,"TIGER/Line® dataset from the US Census Bureau",,
UCS--Ankeny,"Physical Location","Substance Abuse","1555 SE Delaware Avenue Suite M",Ankeny,IA,50021.0,515.280.3860,"Provides substance abuse treatment, counseling and support. Intake hours: M-F 11:30 AM-1:30 PM (Substance Use); M-F by appointment (Mental Health).",https://www.ucsonline.org/,"1555 SE Delaware Avenue Suite M, Ankeny, IA 50021",41.714504,-93.580517,1,rooftop,"1555 SE Delaware Ave","Ste M","Ankeny, IA 50021",1555,"SE Delaware Ave",Ste,M,Ankeny,IA,"Polk County",50021,US,"Statewide IA",gcod_usn48wpwf2td2s7b2eq4uvfzxcqdb-bjdswr8zpcnd7,unit
"UCS--Des Moines","Physical Location","Mental Health","1300 Woodland Ave.","West Des Moines",IA,50265.0,515.280.3860,"Walk-in mental health assessments and substance abuse treatment. Medical hours: M-F 8:30 AM-5 PM. Substance abuse walk-in: M-F 8 AM-2 PM.",https://www.ucsonline.org/,"1300 Woodland Ave., West Des Moines, IA 50265",41.58774,-93.634623,1,rooftop,"1300 Woodland Ave",,"Des Moines, IA 50309",1300,"Woodland Ave",,,"Des Moines",IA,"Polk County",50309,US,"Statewide IA",gcod_usn6krxa5rwhcufe93fw4ba2sng95,building_centroid
"United States Citizenship & Immigration Services","Physical Location","Immigrants & Refugees","210 Walnut Street #101","Des Moines",IA,50309.0,800.375.5283,"Provides information and application processing for citizenship, green cards, work visas, and international adoption.",https://www.uscis.gov/,"210 Walnut Street #101, Des Moines, IA 50309",41.586514,-93.620242,1,rooftop,"210 Walnut St","Apt 101","Des Moines, IA 50309",210,"Walnut St",Apt,101,"Des Moines",IA,"Polk County",50309,US,"Statewide IA",gcod_usnnanuftdmw5kdhlmj4dtbheg99a-z6ztv3tu8tb42,building_centroid
"UnityPoint Counseling and Behavioral Medicine","Physical Location","Mental Health","6000 University Suite 200","West Des Moines",IA,50266.0,515.241.2300,"Offers an extensive spectrum of mental health services for all age groups. Hours: M-F 8 AM-5 PM.",https://www.unitypoint.org/locations/unitypoint-clinic-counseling-and-psychiatr...,"6000 University Suite 200, West Des Moines, IA 50266",41.599052,-93.79618,0.92,rooftop,"6000 University Ave","Ste 200","Des Moines, IA 50311",6000,"University Ave",Ste,200,"Des Moines",IA,"Dallas County",50311,US,Polk,gcod_usnz9rm7neekbajblb5bs8ltj9ytf-9xnnb3br49sk5,
"University of Iowa - Clinical Law Programs","Physical Location","Legal Assistance","Boyd Law Buildings 130 Byington Rd.","Iowa City",IA,52242.0,319.335.9034,"Legal assistance for criminal defense, estate planning, immigration advocacy, and civil/employment litigation.",https://law.uiowa.edu/experiential-learning/clinical-law-program,"Boyd Law Buildings 130 Byington Rd., Iowa City, IA 52242",41.657443,-91.542818,1,rooftop,"130 Byington Rd",,"Iowa City, IA 52242",130,"Byington Rd",,,"Iowa City",IA,"Johnson County",52242,US,"Statewide IA",gcod_usnzhdgayq5hyxjc8kbnkvaqxb94c,building_centroid
"University of Iowa Addiction and Recovery Collaborative","Physical Location","Substance Abuse","5 Boyd Tower 200 Hawkins Drive","Iowa City",IA,52242.0,319.335.6980,"Outpatient addiction treatment and dual diagnosis services for co-occurring mental health and addiction issues.",https://uihc.org/services/addiction-medicine,"5 Boyd Tower 200 Hawkins Drive, Iowa City, IA 52242",41.666508,-91.498185,0.63,street_center,"Boyd Ct",,"Iowa City, IA 52245",,"Boyd Ct",,,"Iowa City",IA,"Johnson County",52245,US,"TIGER/Line® dataset from the US Census Bureau",gcod_ussh8tvwf23lh7f3,
"Urban Dreams","Physical Location","Substance Abuse","1615 2nd Ave.","Des Moines",IA,50314.0,515.288.4742,"Outpatient substance abuse treatment, OWI services, food pantry, nutrition program, and youth employment services.",https://urbandreams.org/,"1615 2nd Ave., Des Moines, IA 50314",41.608495,-93.619341,1,rooftop,"1615 2nd Ave",,"Des Moines, IA 50314",1615,"2nd Ave",,,"Des Moines",IA,"Polk County",50314,US,"Statewide IA",gcod_usn4j98t4vbndwhg8s5h3jf4ksvqg,building_centroid
"Urbandale Food Pantry (DMARC)","Physical Location","Food Pantries","7901 Douglas Ave",Urbandale,IA,50322.0,515.251.6688,"Provides free food for up to three days. Hours: M-Th 9:30 AM-6:30 PM, Sat 8 AM-12 PM.",https://urbandalefoodpantry.org/,"7901 Douglas Ave, Urbandale, IA 50322",41.630008,-93.727188,1,rooftop,"7901 Douglas Ave",,"Urbandale, IA 50322",7901,"Douglas Ave",,,Urbandale,IA,"Polk County",50322,US,"Statewide IA",gcod_usnx3qfclp7ag4p3prwwvgfemra55,building_centroid
"VA Central Iowa Health Care System","Physical Location","Mental Health","3600 30th Street","Des Moines",IA,50310.0,515.699.5999,"Comprehensive medical/surgical, mental health, long-term care, and residential substance abuse treatment for Veterans.",https://www.centraliowa.va.gov/,"3600 30th Street, Des Moines, IA 50310",41.627583,-93.661484,1,rooftop,"3600 30th St",,"Des Moines, IA 50310",3600,"30th St",,,"Des Moines",IA,"Polk County",50310,US,"Statewide IA",gcod_usn7nvynxr7b67yevmg63bvzuu4j9,building_centroid
"VA Community Resource and Referral Center","Physical Location","General Assistance","1223 Center Street Suite 17","Des Moines",IA,50309.0,515.699.5637,"Services for Veterans experiencing or at risk of homelessness and those with serious mental illness.",https://www.va.gov/homeless/crrc.asp,"1223 Center Street Suite 17, Des Moines, IA 50309",41.591707,-93.633293,1,rooftop,"1223 Center St","Ste 17","Des Moines, IA 50309",1223,"Center St",Ste,17,"Des Moines",IA,"Polk County",50309,US,Polk,gcod_usn77284rx8s8gx57gx7z8y6h8fz2-2j74s7h4w5vye,
"Watchmen Food Pantry","Physical Location","Food Pantries","2723 Euclid Ave","Des Moines",IA,50310.0,,"Offers food boxes (Thu 10 AM-2 PM) and hot meals (Wed 5:30 PM-6:30 PM).",https://watchmen.ngo/watchmen-food-pantry/,"2723 Euclid Ave, Des Moines, IA 50310",41.627928,-93.654654,1,rooftop,"2723 Euclid Ave",,"Des Moines, IA 50310",2723,"Euclid Ave",,,"Des Moines",IA,"Polk County",50310,US,"Statewide IA",gcod_usnydvaumqv9ln7cwdqqjvxy7zxka,building_centroid
"Waypoint Resources","Physical Location","Food Pantries","1155 SE Boone Dr",Waukee,IA,50263.0,515.987.5523,"Provides non-perishable food and personal items. Hours: Mon 12-6 PM, Tue-Thu 9 AM-3 PM, Sat 9-11 AM.",https://waukeechristianservices.org/,"1155 SE Boone Dr, Waukee, IA 50263",41.601837,-93.831903,1,rooftop,"1155 SE Boone Dr",,"Waukee, IA 50263",1155,"SE Boone Dr",,,Waukee,IA,"Dallas County",50263,US,"Dallas County",gcod_usnsrw6gslq7cfyafblbhcxenubgg,building_centroid
"WesleyLife Grief Support","Physical Location",Grief,"5508 NW 88th Street",Johnston,IA,50131.0,515.271.6789,"Offers 'Growing in Grief' and widower's support programs.",https://www.wesleylife.org/blog/bereavement-services-set-hospice-care-apart,"5508 NW 88th Street, Johnston, IA 50131",41.66022,-93.740921,1,rooftop,"5508 NW 88th St",,"Johnston, IA 50131",5508,"NW 88th St",,,Johnston,IA,"Polk County",50131,US,"Statewide IA",gcod_usnvyfxxpbqnnraepjx747a8rt92e,building_centroid
"West Des Moines Human Services (DMARC)","Physical Location","Food Pantries","139 6th St","West Des Moines",IA,50265.0,515.222.3660,"Provides individuals/families up to 3 days of food. Open Mon/Thu 8:30 AM-3 PM, Tue 8:30 AM-3 PM & 4:30 PM-6:30 PM, Wed/Fri 8:30 AM-12 PM.",https://www.wdm.iowa.gov/government/human-services/programs-services/food-perso...,"139 6th St, West Des Moines, IA 50265",41.586003,-93.608241,1,range_interpolation,"139 SE 6th St",,"Des Moines, IA 50309",139,"SE 6th St",,,"Des Moines",IA,"Polk County",50309,US,"TIGER/Line® from the US Census Bureau",gcod_usnkl6vryd737r2aglcjs5dtdb4we,
"Westside Community Center","Physical Location","Community Centers","134 6th St","West Des Moines",IA,50265.0,515.274.0373,"Activities include crafts, games, exercise, and health clinics. Meals served 11 AM-12:30 PM.",https://www.polkcountyiowa.gov/community-family-youth-services/senior-services/...,"134 6th St, West Des Moines, IA 50265",41.585678,-93.608443,1,range_interpolation,"134 SE 6th St",,"Des Moines, IA 50309",134,"SE 6th St",,,"Des Moines",IA,"Polk County",50309,US,"TIGER/Line® from the US Census Bureau",gcod_usnkl6vryd737r2axnf9nt5t84rgd,
"WIC Program--Broadlawns","Physical Location","General Assistance","1801 Hickman Road","Des Moines",IA,50314.0,515.282.5800,"Provides nutrition education, breastfeeding support, eWIC cards, immunization screening, and health/social services referrals.",https://hhs.iowa.gov/locations/broadlawns-medical-center-wic-site,"1801 Hickman Road, Des Moines, IA 50314",41.616508,-93.641564,1,rooftop,"1801 Hickman Rd",,"Des Moines, IA 50314",1801,"Hickman Rd",,,"Des Moines",IA,"Polk County",50314,US,"Statewide IA",gcod_usnjgsxdbs37bamau4458gxqs2h6e,building_centroid
"YMCA Supportive Housing Campus","Physical Location",Shelters,"2 SW 9th Street","Des Moines",IA,50309.0,515.288.2424,"Housing First model providing stable, permanent housing with supportive services for homeless/at-risk individuals.",https://www.dmymca.org/locations/supportive-housing-campus,"2 SW 9th Street, Des Moines, IA 50309",41.582132,-93.627463,1,rooftop,"2 SW 9th St",,"Des Moines, IA 50309",2,"SW 9th St",,,"Des Moines",IA,"Polk County",50309,US,"Statewide IA",gcod_usnbg95pc8t3rdgb4tn7w5qp6wjs9,building_centroid
"Young Women's Resource Center","Physical Location","Mental Health","818 5th Avenue","Des Moines",IA,50309.0,515.244.4901,"Provides therapy (one-on-one, couples, family) for young women and moms, plus food pantry and clothing closet.",https://ywrc.org/,"818 5th Avenue, Des Moines, IA 50309",41.59259,-93.624732,1,rooftop,"818 5th Ave",,"Des Moines, IA 50309",818,"5th Ave",,,"Des Moines",IA,"Polk County",50309,US,"Statewide IA",gcod_usnzzzgtawlk9l96fb934pz63z874,building_centroid
"Youth Law Center","Physical Location","Legal Assistance","300 Walnut Street #295","Des Moines",IA,50309.0,515.244.1172,"Provides free juvenile court representation to Polk County youth and free legal advice to youth across Iowa.",https://youthlawcenter.org/,"300 Walnut Street #295, Des Moines, IA 50309",41.586236,-93.620916,1,rooftop,"300 Walnut St","Ste 295","Des Moines, IA 50309",300,"Walnut St",Ste,295,"Des Moines",IA,"Polk County",50309,US,"Statewide IA",gcod_usnnanuftdmw5kdhlyee45rcf6k9d-vk9bebpempan2,unit
YSS,"Physical Location",Shelters,"612 Locust Street","Des Moines",IA,50309.0,515.232.4977,"Shelter for homeless youth. Programs include transitional/rapid rehousing for families (16-25) and residential addiction treatment (12-18).",https://www.yss.org,"612 Locust Street, Des Moines, IA 50309",41.586553,-93.625635,1,rooftop,"612 Locust St",,"Des Moines, IA 50309",612,"Locust St",,,"Des Moines",IA,"Polk County",50309,US,"Statewide IA",gcod_usnyh7mj627x6g99p3gfewsvesune,building_centroid
